source_id,ra,dec,parallax,parallax_error,b,ruwe,bp_rp,phot_bp_rp_excess_factor,pf,epoch_g,int_average_g,int_average_g_error
5082275006547809536,55.908656887737756,-25.069824753615666,0.26809523957285347,0.016528321,-51.47302371332451,1.2916142,0.6045656,1.1586417,0.5599589021541818,1715.712446305689,13.462838,0.003699631
5083946363004134144,57.46167951706597,-23.93054026446269,0.5946781130908292,0.017433707,-49.8322488970572,1.2285337,0.6344366,1.2145318,0.49750448582774803,1715.8045403861545,12.052523,0.0041959034
5094203642556959744,60.80074303875493,-19.853202386844266,0.5017024595959433,0.020860914,-45.693940849004406,1.5008504,0.60473824,1.2386948,0.6088124847419696,1715.665077700699,11.987591,0.0063922284
5094426804761045248,60.04487036910923,-19.827044802745775,0.4086511433886336,0.015646426,-46.35806582585982,1.1832763,0.61730003,1.189365,0.6021733362599567,1715.2231449142398,12.443733,0.010910096
5098240155900394112,51.16015378180931,-23.57851381193244,0.36106562106170625,0.017754834,-55.33792695831056,1.2608062,0.58556557,1.1662832,0.629624359508207,1714.438814862116,12.518427,0.01379541
4658048266412380288,82.3241822609254,-69.36958691558688,1.5453037460475805,0.28667924,-32.46203610681037,1.2616185,0.71932983,1.4876876,0.5651730862028925,1694.7674176243436,19.242418,0.029460032
4654699433004977920,73.25966067452313,-71.00418624335255,8.071455328097471,1.2755656,-35.04652054776616,3.2228713,0.4912529,1.8232489,0.5135721592999917,1695.3821485246174,19.498472,0.10177972
580348453620559360,136.20240348333073,5.502315372000791,0.5183501987504233,0.049243838,32.04933996526803,3.1214235,0.5583706,1.1953968,0.49683257697623245,1757.7706434634695,12.555153,0.028456397
584371601026374272,133.72290623274645,6.436824593962133,0.5023216203946383,0.017206505,30.31802198627761,1.0045012,0.66547585,1.1877078,0.636424023604154,1756.9964357712986,12.259682,0.0019192556
586254622063844736,142.60890413338174,7.205748909109174,0.413362843606383,0.017936151,38.44674515040859,1.2768469,0.6680546,1.199686,0.6028511675471729,1758.1237955950864,12.420674,0.0035330036
3834029481648387968,147.03919260764712,0.0021212260867012373,0.46998302687876625,0.018760772,38.335091384808436,1.0667734,0.78291225,1.2176744,0.8339198454747654,1759.554580389306,11.845472,0.0040187407
3844396540563624832,142.28065991626687,1.456713329395275,0.613325049466868,0.020898102,35.20937516561878,1.1731727,0.7196579,1.2185326,0.6343515568959289,1759.2446304695961,11.697707,0.0032393388
1154484945718096000,223.67339149871557,2.739102932628916,0.2718416678416622,0.022046389,51.74572637926257,1.3402344,0.6203766,1.1662889,0.6626989274447298,1707.7469073667792,13.727878,0.017052189
1154932172072449280,224.62096968890128,3.4383544798111108,0.2505670205961741,0.020234877,51.50796725073917,1.1301095,0.6921463,1.1633338,0.4813856201641741,1708.7550190663967,13.872293,0.01642101
1157097900741574784,227.99491455108526,6.038828214321395,0.25878082375580325,0.021242766,50.51207589177224,1.3134025,0.63793945,1.1501925,0.4650393110156827,1709.8549699163693,13.527132,0.034905
1163903534120157952,229.82815581107042,7.88499596103219,0.3229911854625267,0.021375204,50.07633585600629,1.1030971,0.5665064,1.1781715,0.5479388429963341,1710.655697271529,12.831994,0.036321428
3785081118060878336,167.8414069519628,-5.892082828247978,0.4453030510200071,0.024124516,49.061622819465654,1.5056145,0.6224079,1.2277446,0.6728687446134998,1668.3255166600957,12.00569,0.028767461
3797319369672686592,173.47694370623447,-0.033455445707471464,0.7602273705035114,0.024974266,57.064230490081094,1.2027833,0.59882927,1.2612067,0.6263375722746239,1671.822302710213,10.946384,0.018918265
3799785574253882752,175.88415230844495,2.698613226711965,0.32003361878151,0.020566136,60.66107295879183,1.0642425,0.5884981,1.1747977,0.5949912328896658,1673.10169744051,12.795615,0.018320391
2313783205448950784,358.67366330062373,-33.481360194718974,0.3701002230002173,0.020555092,-76.22130198698154,1.3577589,0.57601833,1.1661792,0.6167794938659961,1755.0550267994317,12.812362,0.0050650053
2329707050101123712,350.6959915781254,-30.11941702176422,0.3791758304284287,0.029682912,-70.34862085171433,1.6944097,0.6315155,1.2086215,0.4491241064094313,1756.1361885295876,12.257785,0.03188619
3586809416040790144,175.27821196465447,-10.618562316533897,0.3454574570712694,0.029524457,48.57857325458052,1.5663278,0.6619377,1.1775548,0.6223338381434504,1677.8544730771525,12.592359,0.007351766
3587566361077304704,177.23425635656818,-10.441424088999167,0.6717340796179506,0.033059712,49.48772325890354,1.3273011,0.6200819,1.2379117,0.7328364897244484,1679.704243917931,11.330726,0.0029989341
3594224105844744960,179.63884670154593,-8.129302561056601,0.30120283649559065,0.020032136,52.48696154591141,1.0991005,0.6524887,1.1800909,0.7696469545287501,1680.3533837019352,12.826368,0.002895507
3595071661808004864,178.39510568914923,-7.9353115236154625,0.3695535158038283,0.017755514,52.23932811231476,1.0774964,0.6979666,1.1895247,0.7481905193791184,1679.5121400859127,12.701188,0.0012557268
3604450388616968576,200.88885619472586,-16.666275131552236,0.6856894662419037,0.025616487,45.517783138699386,1.2529854,0.6844988,1.2165883,0.6151036510847576,1698.3246760138857,11.36338,0.011595397
4784552718312266624,72.52757551185044,-50.65699894605467,0.793504206000486,0.012780183,-39.61134814534279,0.9212791,0.64166737,1.2140592,0.4403747115115831,1724.3949774750438,11.336214,0.011618495
4788620567737382144,66.81824779049951,-48.467802284282484,0.5846667129456071,0.011731222,-43.51436635047674,1.0496651,0.63605595,1.2078979,0.6130798024005067,1723.0830604165665,11.7675295,0.0028017962
4788830127781508864,64.45484534915343,-48.00885055049555,0.3774629913555948,0.015057466,-45.13640862504658,1.6753789,0.67425823,1.1386058,0.5760930426194438,1722.9822892024706,12.539917,0.005280357
4793950312913699328,84.96203078396498,-49.42814117443551,0.3711630341537675,0.013272379,-31.617750800665313,1.0613245,0.6664963,1.1859552,0.610258020643402,1733.08632215641,12.899186,0.0039241505
4453598240883472896,244.25199515741073,10.291021448026088,0.2952710931627969,0.017107818,38.89264881451958,1.3421091,0.6580057,1.1916527,0.5479330437182464,1714.4876704331405,13.15791,0.005798955
4454183799545435008,238.91819856710862,7.988740498023956,0.5748808151370919,0.020942027,42.45102915220585,1.170542,0.62345123,1.2473534,0.7465868783532106,1712.0688223868387,11.348698,0.015915
4455653709154659072,238.12207095702863,10.142751976912015,0.33286362042582474,0.01614534,44.181643534517015,0.97015446,0.6117077,1.1474872,0.5113860968945318,1713.0246730869476,12.908362,0.021615168
4458616102716856320,248.05149074714117,10.31838176805553,0.3280906440490289,0.025937576,35.55533626003754,1.6507735,0.74302197,1.2116008,0.7863455532931499,1714.9533256642428,13.321771,0.0006288169
3176677353948040320,62.82010323626811,-13.848348654312003,0.30437339252369716,0.019412627,-41.68543086550128,1.2584254,0.6636257,1.1976755,0.554247686728747,1714.8957252686291,12.838316,0.027402047
3181149548774349824,71.97045006414992,-11.346147570367055,0.3928611611900021,0.016623726,-32.52573321530867,1.0931841,0.7524004,1.1856767,0.6400416330009928,1716.1389031818735,12.840478,0.001304163
3186033648144893696,69.50196304431454,-8.754478344062193,0.25005605868053465,0.015688466,-33.57787846087632,1.1431019,0.6696596,1.2294258,0.48163409649707073,1715.498169162059,13.455647,0.019041646
6562247309988278144,324.6235808318936,-49.014863808285,0.26175585433296,0.014790478,-47.13867058158662,1.0670531,0.56592846,1.1803144,0.47746789116581956,1713.9533284480922,13.637127,0.010950684
6562909314771450368,323.6545371689776,-49.12468932275066,0.4793739256821696,0.01701414,-46.49495615011132,1.1807386,0.49187756,1.1869745,0.48801080700964594,1714.2301608431642,12.234382,6.7030254e-05
6564274294034705664,327.99370018282474,-45.985285941208126,0.40202457336050285,0.0213199,-50.016130018206674,1.4621598,0.548398,1.1618096,0.5121534387274035,1716.0891023824838,12.7869005,0.011410647
6565527904791301504,324.51483357811185,-44.68670617544771,0.48147699400016225,0.014231895,-47.835143917847084,1.0487697,0.651845,1.1864179,0.5524645862944663,1716.4120843012308,12.365578,0.0018664803
6568071251281773440,332.6067108140559,-43.69361851588992,0.2613231755333074,0.019002298,-53.718067778395074,1.6143521,0.5615597,1.1593084,0.47602962397653226,1718.4101403981388,13.302624,0.007157762
6570158089992425984,333.3715986939209,-40.72565598448523,0.26701633643536044,0.019061303,-54.8880601397407,1.2053467,0.60802174,1.1749444,0.6961202402551201,1720.9603851331915,12.960751,0.0045498013
1235065369778588032,220.1358026591729,17.59923902835393,0.37364946629805756,0.02129571,63.1095684446095,1.6503829,0.5832825,1.1629125,0.5634537209842788,1709.7987149642174,12.982315,0.016323043
1240619037370564352,216.37244060056284,20.96286384302091,0.33164112900347525,0.03117753,67.70021852251654,2.174099,0.61242867,1.2066263,0.5121332462428339,1709.624942713915,13.003082,0.00868101
1241216347062454144,219.91174023392685,21.50838828642718,0.3016984518541043,0.01855171,64.76977831870042,1.1892323,0.6451168,1.1837643,0.7686553023081761,1710.0262371401363,12.722985,0.0027971326
1247621002294070784,205.1907126243993,17.81982808253239,0.675300798180287,0.018062787,75.30375704398108,0.8488501,0.6378355,1.2101319,0.807891942277632,1701.4677437890898,11.113939,0.0017893879
1252055779366233344,214.01296528970423,20.060371592308098,0.32371092056054623,0.020683896,69.40159847808619,1.5028502,0.6405134,1.1392096,0.6090730395256068,1708.0321287718448,12.655304,0.010705856
1254547100915110144,216.10676413706378,23.053927978356874,1.3012141900134162,0.018221142,68.58893003193326,0.96829516,0.7071667,1.19739,0.6986340258887485,1709.5732751472626,9.977254,0.0032997734
1257428955251308032,211.5073885143896,24.570738622339135,0.31949494382301175,0.020287195,73.04058851295007,1.253725,0.5834274,1.1877811,0.5533963685928941,1708.3340689731263,12.895782,0.005720644
6673357220582578304,302.0672280683365,-45.520260572186835,1.2172403044064717,0.017009605,-32.03902356509508,1.2326714,0.6695833,1.1922175,0.5102472282216194,1713.3963423635203,10.567836,0.0030478658
6674570703462167680,309.0669415051898,-46.46845118610275,0.2610187353431735,0.0146741,-36.962569658899056,1.095946,0.55616,1.2081064,0.4974609773861747,1713.6914091642393,13.514442,0.017092383
5027734380789950976,16.85763052271451,-32.30988570845254,0.3970607272888045,0.02037075,-83.76393730008787,1.6105591,0.6442528,1.1489224,0.5501224263610361,1678.9046504608066,12.378909,0.017724862
5033970127844802304,15.115828984676488,-28.20577447555521,0.3288993680136314,0.030450217,-87.72971856072024,1.3191104,0.61597157,1.2102357,0.46367894547782385,1679.8950052152175,13.027969,0.0075861462
5039680407122794240,20.72334011504239,-26.29270971714383,0.3006829423108732,0.019970842,-82.92699896966457,1.2382932,0.6123705,1.1580372,0.45169055936865854,1686.3003987717514,13.506149,0.010776006
5045760843864182528,45.28636777651661,-38.12871931651465,0.4204739103982676,0.012268919,-60.746417240771436,1.1946303,0.65899944,1.194947,0.8037610931304047,1717.2158232318918,12.198055,0.0077325143
5047992646310634752,47.7507820124849,-35.345647882512836,0.2710549498980097,0.01703499,-59.23096237251619,1.6374298,0.5927391,1.1849223,0.6084408887716257,1716.6747893301424,13.250184,0.010412455
3879451204640369792,149.46204640883136,10.467311518777146,0.3203407298953199,0.033975173,45.95132546197327,1.1463399,0.7269354,1.1666793,0.568118469718483,1758.4602313282378,14.226292,0.0045066583
3892831505236595456,179.93893024780644,2.8627755582593943,0.43182064171805457,0.028556267,62.76608525781395,1.2355824,0.65615654,1.219195,0.7676931607940239,1676.6453103578403,12.071058,0.0019285961
3899734479753746176,181.1203839934022,8.28019861140218,0.26976134669369795,0.018018872,68.11869421520042,1.131765,0.60490227,1.1863849,0.5382652831838497,1675.6847031569737,13.3362465,0.0045995326
3546458301374134528,171.6234456367362,-17.914411131564624,0.798336499483047,0.025364596,40.47201009186935,1.5318284,0.5566139,1.286378,0.4120114025393344,1678.0458815781092,11.445771,0.010124775
3656773471218442112,218.6679870912621,3.9109644496083025,0.2818479589862847,0.016374195,56.145048389366686,1.0602758,0.61679363,1.1802229,0.6856539278538559,1706.6029153956124,13.1413965,0.038576607
3666638289542772608,215.77321379806847,1.9002450742419685,0.2733565036350138,0.019013697,56.556570611406094,1.1619909,0.53563404,1.1828517,0.4468532400012812,1705.4235400767382,13.343531,0.046527438
3670341513424752000,217.04067979969432,6.545534814603426,0.5278509263652746,0.023810618,59.157773267106364,1.1846595,0.66331863,1.2177907,0.48373156427739034,1706.737898772442,11.700701,0.02160922
3994645453038686464,170.99320799427375,26.61487639718404,0.44645033802035033,0.015742764,70.51261436914972,1.0151469,0.6214237,1.2088886,0.6534131690042463,1756.8315148212268,11.800711,0.0025472336
4000636867992972544,177.90447690098202,21.878083893939372,0.5996755439011029,0.0251796,75.42766419728059,1.6044917,0.5922556,1.201496,0.5471796325959265,1666.474382161428,11.675223,0.0114103425
4006720156591860992,182.56618116203194,27.431658011253056,0.3015170322488639,0.021251947,80.8491248877126,1.508719,0.6047754,1.1438826,0.4691494700247012,1668.7438232250079,13.284102,0.018059706
4022618712476736896,172.45168404781427,30.06709016697379,1.564070117925452,0.025187273,71.86779520391879,0.9984197,0.63153744,1.1748835,0.5576689928598967,1755.5383538804065,9.694902,0.024596183
2808687029926911360,12.395353966490983,27.022038396243108,0.345113036056135,0.024435122,-35.84787291286322,1.5323986,0.6257334,1.2933713,0.554536826130202,1696.2351580259185,12.915082,0.026022634
2817251778831550208,349.5276274779756,15.882905501266102,0.3600793952135097,0.018681286,-41.393117199427564,1.0812579,0.6804333,1.1840781,0.6019747412684626,1674.839286889312,12.790478,0.016667029
2817589255885467520,350.02936373161725,16.0685146510582,0.49010888254783624,0.028041111,-41.45326909573668,1.5727404,0.7078209,1.2184666,0.6073537017798168,1675.290201757454,11.864957,0.021751026
2783144962496838272,11.42045382797227,18.95068115038904,0.25394383632766776,0.019227155,-43.89995552476955,1.4340323,0.6298771,1.1969355,0.5498942380857235,1695.4223237679018,13.207788,0.0018100402
3470927899858715008,189.36983746222685,-29.936647092849377,0.26363674423135774,0.027397994,32.83753275277335,1.5676856,0.7427807,1.3045499,0.47696321275845155,1695.9199086641906,13.366199,0.04454951
3486473757325180032,181.19664811680914,-27.67890401490705,1.272100617470714,0.023077615,34.059838150665975,1.2351928,0.68211555,1.1956043,0.6503014168017472,1691.272155208257,9.996355,0.008872581
3488159476152919424,183.02544013146058,-26.21344258809028,0.3729737471510279,0.028367713,35.824858553577606,1.9162188,0.5658436,1.1301914,0.3987303716507302,1692.617544579429,13.203604,0.04709526
3490165092737326592,183.0692028163055,-22.909244462901167,0.25196792968546583,0.021077188,39.07575818876229,1.2868749,0.72544384,1.1912826,0.49078279926112545,1691.125227415205,13.736149,0.008307835
6508563379883711616,335.0545884102874,-54.5580879326948,0.3299961687511136,0.01578755,-51.19204739059801,1.4275861,0.6593008,1.1835477,0.5482114160360672,1711.188449687892,13.133614,0.009057227
6511546629807937024,334.3357417651852,-50.57643270064404,0.2523842397162845,0.017385198,-52.59935772685842,1.6340166,0.54637337,1.1765374,0.7024706238625157,1713.1957751233078,13.42571,0.005903053
6519995861275291008,340.52903377153007,-44.15357810470974,0.39062587816700406,0.023133125,-59.00217340211922,1.0847608,0.5364742,1.2114942,0.5502974954739512,1720.900754408289,12.3106365,0.007054353
2955278593068930432,79.21096303587295,-27.473470873637694,0.3446894191732907,0.017461233,-31.809620156320545,1.5415541,0.6009693,1.1577898,0.5365811678784314,1720.392783332216,12.710031,0.007108286
2956994449683312384,80.62094205147987,-25.780091604468154,2.599502979367232,0.113299236,-30.107178245879044,1.1490551,1.0639391,4.212518,0.47848844868808327,1809.590651695671,17.309584,0.005946802
1212106604918313728,228.8294781601652,18.65772127692221,0.42790003746172783,0.01874752,55.925649607900624,1.3778472,0.6872635,1.1936182,0.43779507796634876,1712.8213359172048,12.676383,0.016963007
1212368082527527680,228.75447191894327,19.44311098005692,0.3965801106443386,0.02119112,56.26771706232497,1.7823863,0.6812315,1.2320752,0.4345579713300314,1713.0140981310678,12.554217,0.022700865
2580618253555098624,14.392551268729084,7.781479275959365,0.43586198129894804,0.016983971,-55.05868224416375,0.99384326,0.71956635,1.1954651,0.7341988862836208,1694.1116356977352,12.299571,0.006322757
1876412082809075456,341.4711565178303,24.143414731681265,0.36926354710304726,0.023699872,-30.449457380080304,1.7553138,0.6253185,1.176775,0.49579574044641744,1671.0717960504912,12.6769,0.023126064
1709602321900710528,255.1014826087713,80.61097187800074,0.2911496062473199,0.014412574,31.164415265014597,1.3111796,0.6927881,1.1711578,0.6911393797185615,1696.9668858500029,12.862158,0.005762212
1720234324464233344,188.98095859536429,82.69788443515928,0.3041657479070312,0.016280415,34.412370843608315,1.5915096,0.80167866,1.272283,0.4415571130202908,1700.1116303300037,13.644832,0.01606813
4651573315306993920,77.48499456917912,-71.64461991766908,0.28530421101971937,0.013467152,-33.56531774036132,1.4078225,0.61559486,1.264197,0.40979280820262665,1695.6525865842416,13.521438,0.007523012
6259695623086202880,231.50467554667034,-15.546261703003479,0.46071457020194356,0.019175218,33.19318718702796,1.2047551,0.6891508,1.1988262,0.5793134461646303,1707.5602390421677,12.398201,0.017161284
6814852646110161152,324.49176853272365,-24.577893352229175,0.27117163932273114,0.017655976,-46.66456180515532,1.0108048,0.6737728,1.1866647,0.5848824301426789,1754.345749614722,13.759603,0.0024185167
6817857748827529344,324.75847601995815,-21.21282811909641,0.48207147300698694,0.021969616,-45.97774679072222,1.3068876,0.6553459,1.2051504,0.6618652238669565,1754.8789587577182,12.123541,0.0015032301
6823472581048947328,328.74536345423184,-20.059822509716636,0.2829738994256758,0.026655624,-49.16633343167578,1.393679,0.57923794,1.1731735,0.74340687570703,1755.4572182541806,12.967366,0.008296335
6378877082899249664,348.0608437502898,-74.57959294802342,0.47105436116787025,0.01960851,-40.87373276146186,1.1329398,0.5968313,1.1715137,0.39402883559880053,1702.5048427460558,12.728996,0.012717871
6379685086506532096,354.44309355698584,-73.90610849619328,0.26729090656127624,0.014269584,-42.23657848236529,1.094509,0.65653706,1.1820976,0.5379873494520956,1701.9925890294733,13.338122,0.0103657
6380659528686603008,352.38918368483723,-72.54446570994972,0.34232865993326306,0.017179623,-43.242967689959485,1.34065,0.74621296,1.2003189,0.550067827170322,1702.2349560672342,12.706401,0.0056993184
6863346748188630400,309.38132145591595,-15.623159921268797,0.32294084279299606,0.02268167,-30.366672032848772,1.5390189,0.643281,1.1852733,0.6811833041573908,1722.9751786399347,13.047153,0.0059924
1411345391840760320,247.89862636111138,48.72663194905676,0.4960604010066162,0.013788664,42.77431391251194,1.1388216,0.5852108,1.2292695,0.6097294596924787,1723.0073244322723,11.913082,0.011250747
1416405692244486784,263.0988396367958,51.679807857826276,0.33759857791041603,0.012569188,32.978123991874305,1.5877564,0.5402956,1.161962,0.437561555101769,1734.184357298422,12.956486,0.037427336
1417062100686935040,268.0054605285068,53.93711296613557,0.34796259774095617,0.013870251,30.192896373101043,1.3488904,0.60132504,1.1620089,0.5551853860112377,1733.7232600979287,12.802193,0.022719549
1417296331022989568,268.000041662392,54.63489115824409,0.27552781145805955,0.00972559,30.261373953268986,1.0490594,0.6959343,1.2448162,0.6253816713919957,1733.405604145189,13.287483,0.0051885624
1191345695083956608,239.89995811136822,12.772986978281322,0.29944807880411306,0.020070326,43.813594306345045,1.1730063,0.69335556,1.135579,0.5712554706053302,1714.024018480233,12.982881,0.010105588
1191510003353849472,238.3793895897626,12.961102171852746,0.9893487328602031,0.022163395,45.23210224280566,1.372195,0.66046524,1.2500719,0.52206597378109,1713.6511076004622,10.840003,0.007926013
1198085254685725824,241.61995217859456,15.368219541549205,0.3106957568583687,0.01797803,43.35798920011437,1.3402814,0.7252445,1.1471988,0.5971139874516892,1714.8691217061455,12.736329,0.0052370136
1199073200242543872,243.17754593457053,17.987430949326647,0.2933119797091336,0.016311971,42.946591140002624,1.401001,0.6348467,1.1753516,0.49553576984358416,1734.9371850456546,13.004752,0.020309176
308108245007332224,17.588537966702336,28.55008997035224,0.26928298776219267,0.021287909,-34.137230461339946,1.3329926,0.7378826,1.1881762,0.3821260668459632,1698.479891558877,13.884679,0.018809758
5107845936158224768,58.54292721882824,-16.881016613677012,3.1287237876909733,0.103701495,-46.667551459163306,1.0658681,0.33905602,1.2105978,0.46540846872016195,1714.5000835768421,17.34167,0.025876645
5117708899055276416,31.966714966379595,-26.866355585285206,1.2649477418989497,0.020500368,-72.98932792989837,1.2709068,0.6279106,1.2048231,0.4954297732026579,1709.661488075367,10.101488,0.011980502
4688976394540672000,12.074519326010748,-72.65597469843692,2.0501087165715552,0.3413223,-44.470276181413716,1.2235166,0.3804264,1.7288755,0.5306827633196278,1700.8947893226807,19.689402,0.016472984
4574002151468939264,260.21424301037297,26.538991786364075,0.3259694664073581,0.015285544,30.68360548329677,1.6975138,0.60417366,1.1869136,0.5297392915861252,1720.3164189481208,12.991368,0.0023191946
6390735831200846208,344.96952828721084,-68.33608701606295,0.2712095471156111,0.017367788,-45.57464912523622,1.2336105,0.65454483,1.196109,0.7104095866596984,1703.4572575750203,13.0104475,0.002072595
6393591881373152768,349.0025879023513,-63.65559928037186,0.3154180498014742,0.019738548,-50.33844990889653,1.5090771,0.5493622,1.1662383,0.4955781257712113,1705.2009503632974,12.906985,0.008604514
6397004353149397376,329.1453122655678,-67.81317285706551,0.2772026535877396,0.011004035,-41.69322626510688,1.0643984,0.61163235,1.2052919,0.5816478971196444,1705.211190585348,13.405539,0.001721287
6397051563429970176,328.2963402152787,-67.78225838439386,0.25803708327033026,0.013376677,-41.444780997258924,1.3142818,0.6087389,1.156071,0.5347856149363933,1705.8059621422617,13.33588,0.012804453
6398671998754509056,331.22482650628706,-66.58246860334465,0.400663237904579,0.012597223,-43.061656085143866,1.2344087,0.64752674,1.1887984,0.5639435276270738,1705.6381518861429,12.3951,0.0056223124
6398762953278608640,330.11022707958125,-66.00961813108628,0.26113770585077867,0.039016254,-43.024731251519974,1.9668418,0.66694355,1.2017994,0.6339419706500904,1705.794231784259,14.761915,0.0010249375
6828555137972245248,322.0998217452738,-21.13259971831789,0.317186516303038,0.026378304,-43.59190766385454,1.3813591,0.6210613,1.18178,0.6034590272547347,1754.9966834750273,12.803511,0.015824564
6829441206905411584,320.05591160210963,-21.07233098645159,0.3107269024621956,0.02651657,-41.75976281674729,1.5678977,0.57239246,1.1819149,0.6004377105446936,1754.5579773057543,12.634352,0.013584658
6830821751128980864,324.5990416370748,-18.563895736263937,0.30913218876384174,0.028609391,-44.97880409731692,2.1506402,0.6625204,1.2116549,0.5574963348004915,1806.2983304591085,13.099326,0.029005105
6831281205255310464,321.83821276195584,-19.133241565113355,0.2866228071796512,0.022971533,-42.71571608971467,1.0913367,0.5038214,1.188574,0.4730239684387432,1756.1391945157243,13.281129,7.533399e-05
6831772656888214656,322.0792600505464,-18.22940560017016,0.2520874862619543,0.023112793,-42.62022260155881,1.1307184,0.73761845,1.2240745,0.5427566561484907,1756.0992421523583,13.65508,0.004823508
6836508627130440064,326.77736249891336,-18.946814651870863,0.284832235234178,0.018413788,-47.04817477102633,1.153179,0.6613598,1.2005848,0.8000676795510916,1755.417641011006,12.506288,0.0013864901
6686289122295812736,302.3178443980773,-42.130051788437086,1.2749945190641827,0.021680886,-31.7189918719369,1.2067803,0.6813736,1.2198263,0.5512644271536429,1714.0449545675265,10.27418,0.031185767
6686484908383145728,302.290194997502,-41.8255606171763,0.3528008502757424,0.026135918,-31.64833218838195,1.9042686,0.5507612,1.169619,0.4401882752934975,1714.7052033335235,13.321558,0.028430305
6185171618307957760,194.33908795553984,-29.48771781252236,0.34022475813558867,0.018855233,33.36630993964461,0.9521743,0.67841244,1.1998216,0.627041029193557,1697.2083539025004,13.063939,0.011694107
6188632296796604288,203.71232328918478,-27.74469654569481,0.2509872237414201,0.025189772,34.145977416189,1.0744543,0.6743431,1.197339,0.65310402275128,1699.2618928803813,13.781844,0.0033868833
6189279973568784384,201.99557299543923,-27.097858974280154,0.40293036070146254,0.025269352,35.06721210066278,1.3885198,0.63892174,1.122626,0.41734243013190003,1699.624476695379,12.637611,0.033605527
6190268571961010944,204.9654143071555,-26.871524971607098,0.6718179081729784,0.019885728,34.75953851257897,1.0143815,0.67942333,1.198993,0.5960546868455352,1699.9776156170276,11.613121,0.0071621477
6404011368954569088,324.28025824662,-61.30305268190578,0.3043190439942156,0.017744655,-43.055384763556944,1.4443429,0.60942745,1.188792,0.4504558326487616,1708.5079137593605,13.350794,0.007985913
6409071321466282752,329.0042882777429,-61.48663507308997,0.39157986312125403,0.017678047,-44.993827802306214,1.5416702,0.6122122,1.1635969,0.6160875080101571,1707.7772917929558,12.703489,0.0035775339
6409095201484462208,329.729996899411,-61.15206810861036,0.3986679191418484,0.011583349,-45.461860787905536,1.0715781,0.6798363,1.1918514,0.8021211224081164,1707.3075118460301,12.557797,0.00037177742
4654527355136059136,74.3347580744616,-71.5583412334317,1.192295540878141,0.22504982,-34.542144964228704,1.4600992,0.49463654,1.4159853,0.6441366488588465,1694.7609334244064,18.969717,0.04031688
4654566976225021312,72.87368105294655,-71.62677928490994,0.2851814590107156,0.011522549,-34.9557513028626,1.1302403,0.7605934,1.2282376,0.6888948372564523,1736.944150349884,13.254715,0.004020406
294072906063827072,18.60894956104664,24.415476194122157,1.2476769545822077,0.029135473,-38.1586031112942,1.5340816,0.53382874,1.1935805,0.39031598074070617,1698.4064137327728,10.107671,0.016336042
297095016852854400,21.774006465087933,29.20134894867979,3.7676320178894622,0.65981454,-33.02673626809292,1.1527848,2.2448425,1.9317845,0.4075520535329989,1699.492198649418,20.296398,0.023833547
6287583051896697344,208.16046354688507,-22.155383908518907,0.266322952598289,0.020430937,38.54262995176077,1.2092173,0.6948042,1.2136477,0.5679900365901888,1701.0096299502839,13.702137,0.0044726687
4439524212872324736,245.80315433366417,6.761804397848847,0.48340176076497465,0.015770473,35.89238497542083,1.1700994,0.6939955,1.1915258,0.6420585941909536,1713.710352684625,12.201254,0.00059836206
4439965121334564096,246.20686795655544,8.070539289412572,0.28398908259569877,0.016643526,36.160098732849235,1.4399265,0.6251259,1.1881884,0.6447267089920754,1714.2307248853178,12.999814,0.009121053
3611181912335176192,200.3973312476474,-11.487075494802712,0.3512772380338398,0.023014959,50.69787456121411,1.4892014,0.6122656,1.1676903,0.49240781468040057,1698.5502429579974,13.213378,0.012600896
3616737091755407744,205.0335432665419,-10.642879146568843,0.6439212353548716,0.019904476,50.42519956645869,0.9933939,0.6719675,1.2042693,0.6586078569336135,1700.1461988563788,11.37503,0.004060793
3618690923917874560,208.58688904903087,-9.02388461043115,0.2862808678099474,0.020009102,50.76394477084468,1.2094097,0.64144707,1.1950943,0.5853851061686859,1701.2674897484849,13.464567,0.018946843
6425260736832662528,310.6570077116203,-66.6515819597633,0.9784070484777863,0.067866914,-35.67135762528822,1.0502707,1.6129532,1.2844471,0.6525163279746089,1706.3741064935075,17.226692,0.0031138286
6427507623204526848,299.35725146177793,-66.7799147520807,0.4506796200737912,0.017025808,-31.244618805632815,1.3114549,0.6747198,1.1404618,0.44621456527542763,1706.404743170316,12.781973,0.0016179567
6428374141448297856,299.5002510782447,-65.73624769570567,0.42896386886377524,0.015790457,-31.361623989360666,1.3935064,0.6828203,1.1885874,0.5271291470968882,1706.8478906651858,12.423872,0.006586894
6848431731223859456,308.5812943066341,-25.148425535146046,0.4846046518822812,0.017212877,-32.916785749654146,1.1149362,0.5897989,1.1957306,0.526175173857092,1720.5252676392795,12.238624,0.02335398
4720955591371097984,42.58549489747596,-64.26135659845721,0.26388448242499646,0.014486791,-48.27736955691335,1.8024577,0.55619526,1.1949229,0.5725139674557034,1696.5482178738148,13.275049,0.018374555
4730405859452760576,50.43729477196826,-56.76106914004102,0.3729914027055878,0.013965473,-50.17459302786103,1.2093166,0.59380627,1.1747453,0.5455934343553344,1686.7931379168413,12.88844,0.019241361
4733793764014756224,48.090892223928485,-55.23103492613913,0.7427943691873904,0.08864414,-52.105088342990726,2.134112,0.5562954,2.30488,0.5370039026073574,1687.2029161799724,16.597841,0.01742286
4728532703955609728,43.94306941234583,-55.9362075616788,0.3557777239031782,0.016591506,-53.577739481508395,1.4214641,0.5584488,1.17596,0.5181146747580242,1681.7874332897134,12.941788,0.0038054914
4728589912919314560,43.35216672432837,-55.83153996766139,5.543586099106703,0.8051147,-53.89975607490947,0.95225155,1.5123692,2.4104266,0.6141594365177643,1723.8468622460641,20.708462,0.043439493
4737725170919494912,51.12233492299679,-48.94985202771309,0.3501455528854662,0.015160524,-53.39718921521402,1.4564333,0.58613586,1.1710043,0.662169393521899,1721.7530430827092,12.666123,0.01172709
4737956618117144832,37.581641993104846,-59.13454374107115,0.49626551580316686,0.013775949,-53.72071310147644,1.2860768,0.6106348,1.2423698,0.5728808316819831,1669.251887884052,12.052877,0.014776606
2396544510823448064,344.85108988898173,-22.535124599770732,0.29686134488847793,0.016984774,-64.22532425758455,0.9971818,0.67323685,1.1945171,0.6047918330159862,1757.3800808780525,13.417142,0.0063490476
2414817603803476864,1.021506623794524,-16.99767109677898,0.49305011691425776,0.019126859,-75.0847764978872,1.1993544,0.62266636,1.2150847,0.6060798313226644,1672.0607462995827,11.939671,0.0058933618
2724397364734519552,334.0251955046258,10.301566718837922,6.708485138545063,0.79105264,-36.90923664694871,1.1822299,2.8153496,1.9169852,0.6201162425588411,1763.5882803116965,20.291,0.024105279
3850016041413970688,149.03234751332764,4.851763749160223,0.38079430753936766,0.022966973,42.71342465180032,1.227268,0.60491085,1.1815885,0.4873771765171405,1759.7678688658948,12.545314,0.03945688
3850858228666022912,144.12397979296804,4.111174474185082,0.49884072346263636,0.021821626,38.18183464736553,1.2512116,0.571434,1.2190913,0.523869613705307,1759.2879003202227,12.254774,0.0152356755
6576209355314095744,321.8008582307617,-44.77228934478347,0.6204552603907303,0.05837626,-45.91062183246646,1.0630207,1.0263319,1.2871001,0.42605942228700283,1716.0089319501922,16.44767,0.007633388
6580315790725919232,317.8917968769643,-42.04382160932812,0.28185112661916834,0.0182469,-43.21779527974352,1.3742537,0.6401825,1.1989828,0.4848740956839997,1716.8778540263543,13.319376,0.012284852
6586473296359299968,326.02337140892917,-36.261818513587286,0.25107920913590837,0.020556653,-49.51859283729456,1.0966828,0.5951195,1.1772523,0.5430386265928068,1721.5208872704718,13.781191,0.0024988456
6458861949615378688,325.2374197971632,-57.57875006078701,0.42251363334085473,0.018534603,-44.952665320444126,1.5693688,0.5872688,1.1792165,0.4807489965799156,1709.8608739629717,12.596137,0.004912602
6459713658809674880,321.1385484351955,-57.20120296973572,0.2794380739819525,0.016730385,-42.99589863451356,1.3022145,0.61558247,1.189587,0.6051525046235642,1709.5126638512816,13.289133,0.018727709
6463159287733222016,318.35301590256705,-55.40189005915251,0.2502857266839703,0.0149326995,-41.97121671131691,1.0223418,0.68952084,1.1944704,0.6464373888417093,1710.147524838525,13.674155,0.0011412316
6774717933372604544,314.72826310528984,-38.94154731195036,0.4987376354157383,0.03491712,-40.698189688717704,2.0132413,0.58039665,1.186065,0.44915931912852625,1717.7698727833742,12.906251,0.024000995
6775336855339787008,315.1340959996912,-37.138604796672084,0.33640833418421445,0.01920859,-40.85475414878805,1.5147058,0.686265,1.1728219,0.5974076251980647,1718.0409654799123,13.127146,0.0065846867
6777158196350988416,315.4024177632289,-35.65185328325018,0.2988694056807617,0.018299345,-40.90416894552786,1.1553717,0.72558117,1.2210506,0.6068442238745227,1718.3016726642795,13.209514,0.0015223501
6778621508888695296,314.2710358036758,-36.36336675405988,0.4919900183962011,0.01552309,-40.08152910385263,0.99561507,0.7124672,1.2099031,0.4834944893660801,1718.3038679918322,12.388685,0.035444956
6779964729843530752,311.1338234954015,-34.40148986534283,0.3752092980238991,0.019090932,-37.26283668967399,1.2171026,0.6656561,1.1846678,0.5679326961738707,1718.1662087422758,13.187745,0.021683658
6780267993191790464,314.6093276007821,-34.82024948243473,0.34629787227473763,0.02627673,-40.153402025004226,1.2586108,0.759778,1.1926906,0.8326466348462688,1718.3690017736997,12.959678,0.0017917922
6472840590694980480,302.05590827921446,-55.2339442752916,0.49351080238757095,0.019382654,-32.78261946458957,1.5254498,0.58524513,1.1694219,0.40272471786651154,1710.4511239459775,12.525346,0.015787816
6473684637667905280,303.60488645010344,-52.928030930247466,0.28070076066002303,0.017954728,-33.632022301508876,1.1714253,0.67925453,1.1966722,0.5754177421513106,1710.583621782854,13.144389,0.0033461582
3960906320265637888,188.1900144626333,27.02920717442483,0.5114089198954963,0.03220559,85.84145242412066,1.7760737,0.5752239,1.2365718,0.5865840391483544,1673.3467111540351,11.540674,0.008301707
3965612234327712128,172.7233944102246,13.32448414705552,0.2795454516767802,0.017850684,66.66213646338811,1.1998893,0.64750576,1.2057155,0.4986081488377245,1665.9380032247889,13.223022,0.01772461
3967471985231478016,170.79213409607829,15.698481417989381,0.36532285898186506,0.01963732,66.54923039798729,1.4326891,0.60898495,1.1830511,0.5286012472377236,1760.45811738113,12.523599,0.031900663
3976785295394882688,171.5508656576936,17.66090237716889,0.370573260590598,0.018770542,68.18745315223279,1.2527753,0.5592356,1.2114484,0.6267278546771563,1759.8927429259895,12.29273,0.0274858
3982271072438643072,164.1719892717163,17.792854763806123,0.2757803439303099,0.023112005,61.974188185118,1.551259,0.61331177,1.2070436,0.6326405259746549,1758.3984052274404,13.154215,0.04228519
3987132730604268160,158.47063264375228,19.259589833430997,0.3241206032474525,0.026123146,57.537287443515176,1.7913986,0.69062996,1.2115554,0.5040538148506737,1757.5360065911077,12.198167,0.015472646
4349996689042072320,241.8212539964936,-6.564733494238884,0.2794101194354184,0.018717432,31.895440643669502,1.2084247,0.79378986,1.2066437,0.5819931013313353,1711.2768488444567,13.44634,0.0031596664
3933770858623592960,188.589232056827,16.128614592692156,0.2967941853294095,0.039982237,78.30909138484962,2.2972322,0.65805817,1.2061579,0.43209268472186413,1679.5875161749493,13.403615,0.026717706
3940418398550912512,199.4638238681458,20.780614754499688,0.7033961505168485,0.030052774,81.24478758972295,1.4352473,0.6382456,1.2257012,0.5989338330520482,1687.935506028571,11.318995,0.006526003
3944929149299278976,196.28322260787348,23.27842218776525,0.48063526045316035,0.022459947,85.05924377278454,1.6036088,0.6000376,1.1902078,0.46890759020658695,1683.4605370612433,12.312396,0.016343363
3945610468551775616,185.5890772438902,16.292660882340773,0.25177256229025996,0.018964555,77.23966034804107,1.1137521,0.64802647,1.183391,0.5982850508829514,1676.2554691645012,13.511593,0.00860182
3952549005397562752,186.681995617978,21.278392900738382,0.27880079237549293,0.017592961,81.88098032344628,1.030355,0.62315464,1.1886778,0.6746497682253744,1674.5258509545013,13.060422,0.0012311919
3959667827791428224,189.72581660470672,24.88561318020876,0.3125351602370303,0.017502422,86.40011929687032,0.95356876,0.6265707,1.1772716,0.6283827336866538,1675.8657361019393,12.900759,0.0007957902
689686230645254912,133.24026684058742,23.79837849217441,0.5303492856544548,0.022297548,36.57202428823328,1.2756039,0.63588905,1.1992309,0.5457774975584088,1722.4362575094135,12.219352,0.0048520355
695655337537044864,139.7751384939026,29.065319514993156,0.6101059400570884,0.03194751,43.532186930339165,1.643215,0.55993366,1.2053826,0.5471978717077076,1722.7770202151205,11.729652,0.032357205
703542447977629184,130.01004344097805,27.72530241458889,0.43292517351243204,0.023272825,34.864593289290944,1.28256,0.6011038,1.1879725,0.5020222869620509,1719.99211021488,12.406119,0.01606544
1728545670296849024,195.65215865603056,86.60448059095798,0.2536034703213467,0.012404742,30.51960557567346,1.0910071,0.93886185,1.22493,0.6341082164439426,1699.2896647862638,14.022951,0.0009017497
1488671437577394816,222.47776818139153,40.230364279261465,0.27041083136959376,0.014649365,62.27452282510719,1.4587185,0.57922554,1.1615475,0.5950658798766125,1717.9654634793442,13.062518,0.0052870824
1489021872549385088,223.4162591625354,40.52868287179332,0.3760086564240104,0.012979658,61.50165302856973,1.1202284,0.48607635,1.1821454,0.4746005761785972,1718.5706983671332,12.553254,5.142877e-05
1489614955993536000,221.2747733127139,41.028692643015084,0.768619065108214,0.01784765,62.85146793501863,1.160369,0.5941849,1.2547659,0.5322676364431206,1718.1586866258933,11.175222,0.0039888355
1495595268456320896,207.68408935364337,37.61864727347417,0.2830303175537081,0.022437125,73.70302796499024,1.0199467,0.6289787,1.1660898,0.5496652648383247,1685.8733931403442,12.84761,0.002170815
1497236186481686016,207.06647054467246,39.900645130148696,0.513677401810981,0.016165497,72.62563078566824,1.3133693,0.50384617,1.2441851,0.4785154020756049,1683.6855170629244,11.800718,0.022140782
1500424804562041984,207.1775982290079,41.38520015231455,0.37097500061957633,0.015260995,71.52452008856882,1.2968193,0.5877762,1.1904167,0.5400343666575789,1682.2759473074482,12.508909,0.0016756664
1223679342759114752,236.94464885315625,27.415965537448482,0.4285148156552561,0.013110277,51.0268452740175,1.0856037,0.68410397,1.1982213,0.7689992909808153,1716.0047355072645,12.2856655,0.0013257896
2621577222057910528,337.7188999373137,-7.7114600104925985,0.29171902260345434,0.018972443,-51.4794658928636,1.0711173,0.64503574,1.2168368,0.5259802538557826,1760.6761143416709,13.339714,0.048480846
2622375506154471680,336.9532415608931,-7.483938155557492,0.39502906106397373,0.02574419,-50.72539605560847,1.3819606,0.8376341,1.1270758,0.5134877119876038,1760.5892098214492,12.354529,0.062966965
2623454809960751232,340.3812910865631,-6.477477968537067,0.5492104840325089,0.020046953,-52.8861621118071,1.3054718,0.63925266,1.2027289,0.5743964800392298,1760.9834542863127,12.223249,0.042658
4942949565999969536,33.48289311062937,-46.404896230416874,0.2523391266138147,0.016546756,-64.77042691964105,1.2599978,0.5737343,1.1869782,0.39640531012066427,1684.6037721931602,13.9322195,0.0066854428
4946561392977959296,37.7754288228812,-44.09863954921818,0.29640282742775587,0.013521691,-63.762477933532104,1.4330547,0.6548042,1.18795,0.5677946857396913,1690.6533582429918,13.3121,0.0034920068
4953524290878325376,39.111025496158064,-37.60015903340488,0.3003484115107977,0.01397001,-65.59088441301941,1.3354903,0.588665,1.203252,0.5799234049795826,1715.877020652762,13.169135,0.0033702715
4957668453282872448,29.23396735365639,-41.816192254550025,0.44417339944702877,0.012050142,-70.12179526645933,1.1213294,0.6490507,1.1917543,0.7174738748924498,1683.632956630393,12.402027,0.0007064632
6915411918001919360,315.1408712624337,-3.7598024959498537,0.5411933356347467,0.016977293,-30.278291274319912,1.0511624,0.67443466,1.1945707,0.5813650996362761,1788.127160685199,12.364101,0.0075860084
34113623857898880,44.59148892789382,15.671683364070349,0.6892261531012438,0.019725202,-37.27480649826877,0.87454295,0.8608656,1.2265284,0.6424108488440919,1706.0241764950367,11.630653,0.0063101742
3912789462346376576,174.93036573632244,9.135835624600308,0.342417400636939,0.020817392,65.28875672116675,1.3386406,0.6350393,1.1996192,0.6329303202731283,1668.8977051569786,13.098277,0.020126766
3915944064285661312,174.80926143283443,10.327207251564337,0.40875002006098654,0.022513429,66.09566661942551,1.2861903,0.59654045,1.2133824,0.598654380088979,1668.4990744756064,12.239357,0.022120904
3915998558830693888,174.63612343971593,10.561430891938802,0.6429983882978711,0.030380538,66.1498930072581,1.5454228,0.62718296,1.2199618,0.4779803804691224,1668.997108353144,11.420898,0.030267524
3917248286939430144,173.26558609698114,12.153726918732636,0.40496743598952795,0.01438701,66.29956973507552,1.0658475,0.6542988,1.2115791,0.7268274451005157,1666.3570099884134,12.133602,0.004551179
3924834680948056576,176.63574395678137,16.2311621956068,0.42187538348350523,0.019993667,71.43082224795765,1.0692399,0.63156223,1.2056246,0.7388989207841145,1667.8459305149895,12.060472,0.001703582
3928818142855926656,189.60954005297884,13.01596757357182,0.3400431933111538,0.020733977,75.56365293370446,1.3548924,0.61769485,1.1778014,0.5743588270953515,1681.7361136719983,13.137012,0.018267909
5053120665462939648,50.53751743988298,-34.95782135697448,0.2814153513026682,0.011987863,-56.98886634319528,1.0503876,0.6324291,1.1912972,0.6199453050407894,1717.2778826524043,13.427168,0.0008852848
5053554732037915008,49.94963218490398,-33.51730334014829,0.30286870853813347,0.014202174,-57.530076824119476,1.4790307,0.62199306,1.1750845,0.6343784589110035,1716.4716154092262,13.18396,0.0049367063
5058670209887423616,46.39420496341686,-31.26874862797888,0.33722294871945585,0.021700857,-60.54831856870778,1.229036,0.5596962,1.1603768,0.49645378231120424,1715.8425313317694,13.157481,0.004972345
5058695773532103424,46.36526220475362,-30.97752140868423,0.3177994856752528,0.013745958,-60.56904136108472,1.0462148,0.53087234,1.1672953,0.5882404992235217,1715.6750822891636,12.797001,4.1527688e-05
5059364001725327232,47.82927732542102,-28.893739959188558,0.3772181837402414,0.019416632,-59.18704269989191,1.2120638,0.58667374,1.1939281,0.5535722081618433,1715.0144906146325,13.067202,0.0063265786
5072186300167425664,43.626197939821154,-28.400463374621694,0.4260767788583838,0.023835473,-62.81922542133247,1.6039059,0.54648876,1.1952518,0.6029402035693516,1713.6259514117905,12.596,0.010021225
5073412491854346880,47.805121138787165,-26.483062115639985,0.5049908505389694,0.023055555,-58.904386188351104,1.7196252,0.5526228,1.2680148,0.5972933928041824,1714.0646719035212,11.881172,0.013903907
2334529752915355520,358.8428016603571,-26.302012742031533,0.43746130950754436,0.019460466,-77.4588479621152,1.3095,0.6154957,1.2060041,0.7277781593249777,1664.861838879502,12.331478,0.0045052352
2336550174250087936,0.700691211547418,-24.945378451565585,1.2528825612908352,0.031659096,-78.86423624761798,1.2389874,0.6624813,1.1603104,0.49335200327871787,1667.8006967133856,10.192094,0.015089171
2344122716989296640,11.221196390559202,-24.71097711544586,0.2507091580976257,0.017441172,-87.16913621232851,1.2416322,0.6141529,1.1857426,0.5705740663534753,1677.6752795030143,13.371965,0.007561926
2350215317077431424,10.102712981142801,-21.576236233546815,0.28580701570825673,0.020874055,-83.90703153140879,1.4506184,0.63175964,1.1949697,0.5653585438015308,1678.1013918012368,13.298102,0.0062756496
2355353472352501760,19.605298361194162,-17.415740279444552,0.26799119453685377,0.020420205,-78.46070663226715,1.344687,0.6005974,1.1851523,0.6208781480289296,1689.236019012199,13.333347,0.003482169
2356303725277353216,14.299372121463485,-19.597509688169858,0.255639695351605,0.02034786,-82.35438921865195,1.4137203,0.555356,1.1574595,0.4805289391266271,1683.7009063699047,12.946484,0.013053623
4684197783783870080,6.066338313016841,-76.28197195840671,0.2529044090586621,0.011960917,-40.734148784292316,1.1742789,0.7217741,1.215242,0.5687551836506324,1700.7505299776094,13.500745,0.018410115
4684887796049649152,0.500954670646654,-76.55433900517242,0.2633158120449479,0.01108545,-40.21315487377601,0.8984542,0.71205425,1.2061151,0.8181175953324556,1700.0964516217857,13.126255,0.000730554
780156482623646080,162.57883967590766,42.56893907062176,0.3546797507714719,0.016577208,60.983693718369324,0.94791,0.6397257,1.1906221,0.6356597911217154,1751.0297193190231,12.739242,0.0016555857
785965756604829312,174.6118245918907,45.93489789009897,0.25431195262585365,0.01830474,66.27474433947293,1.390655,0.5792618,1.1946937,0.5346541306679551,1749.9875589223852,13.208446,0.0030266251
786705418699669632,179.27843618085282,48.40698895676545,0.2714287708721238,0.017030856,66.24926326485077,1.3387365,0.5959234,1.1944809,0.6811359340212598,1713.1985119385752,13.336246,0.0021055033
794754221766947200,146.44270491192722,34.490361200711895,0.38199080470680385,0.02175909,49.811167911087374,1.2716997,0.62217236,1.1931887,0.6556677513739717,1722.2295007120836,13.04211,0.0024637335
3201175430791113600,69.17004177798441,-4.670737346787173,0.40858791276234174,0.014132126,-31.94868568983256,1.03357,0.6763487,1.1966234,0.6305529994913918,1714.1409110389734,12.543624,0.001366296
3205151234774283904,69.51454518378456,-1.9959053892222836,0.31656106167493714,0.01801435,-30.317495458611383,1.2328445,0.60749817,1.1559935,0.5795680904203925,1713.9898825663588,12.947035,0.019719709
2528801431634737536,11.335938556192595,-4.3235887601418375,0.29531655452298067,0.020147543,-67.14900620702245,1.3548845,0.67213345,1.1938292,0.5666625431153677,1687.1780060781355,13.255919,0.004724078
1093345639583902592,126.10259414996979,65.71737874982055,0.8075972755833742,0.019095233,34.06109453552174,1.1932563,0.6917286,1.2273701,0.5990092390634152,1706.4971089475277,10.999915,0.0036283783
1094115263363633408,127.1300482380107,67.49642069405203,0.3542842633904739,0.01365143,34.14435772514815,1.2741145,0.67200756,1.1877668,0.6609034112449871,1706.0287209990006,12.598083,0.001997486
4702297875480363648,6.175979657129088,-69.82894215029759,0.7886354861556238,0.012627834,-47.12339977191687,0.89555126,0.6596756,1.2104356,0.7279598999302094,1700.887731745145,10.984799,0.0017252199
6792335923581803264,310.437120789797,-32.689220457390405,0.2973801076505669,0.021462886,-36.37231386790939,1.2788774,0.6369028,1.2066,0.5601116258977219,1718.4446989350515,13.512499,0.0070041227
6795546531894178816,313.22757463370266,-28.870074801222994,0.25712362810932654,0.019218694,-37.89216985706548,1.0638211,0.7816725,1.211672,0.6321539602650365,1720.4748117020883,13.789953,0.0053574494
6796138992564795264,307.5424275338261,-31.233553721731806,0.930045079143926,0.14403164,-33.65761198104693,0.9725216,2.2814999,1.4212021,0.6394042619042812,1718.10607607175,18.248995,0.005943144
6796320308904070016,305.78634440482506,-31.29521791940554,0.5187742282182162,0.02275239,-32.216213739298496,1.4827659,0.70033646,1.2246871,0.5444365330069147,1718.1910476254882,11.963065,0.030203493
4417888542753226112,232.75756436521334,1.6837805267319799,1.1746025863093772,0.021429852,44.09821460500612,1.2159287,0.6672573,1.1750664,0.7141111719974252,1710.2781956901313,9.9731455,0.0033641905
4421376120621796992,232.15148397831086,3.0897331913534907,0.4445059135688823,0.018615974,45.427538410631946,1.3839123,0.54297733,1.2392765,0.5267875852867434,1710.3561095419834,12.330089,0.03557422
4778216198441570816,70.37848719436816,-52.277000404409286,0.2786333271670706,0.012527781,-40.775654168903806,1.0906856,0.5963259,1.1926919,0.5486938401475465,1724.743947603968,13.576406,0.023737147
4784246087709903872,70.51367673415352,-51.559807673465734,0.4766162920711074,0.013193216,-40.782200850206316,1.2325201,0.6270685,1.1937774,0.7320847664530692,1724.098456190927,12.006853,0.009803832
4423520928509728512,237.6797275300599,2.4643027651988327,0.3686951230175926,0.018486021,40.564974308689315,1.4672663,0.7505522,1.1941168,0.6470784403950891,1711.6360572240092,13.001217,0.004776653
4427105439491336320,233.73045389623084,3.1541184638897395,0.3003658543077073,0.018221403,44.19202632678948,1.2090756,0.6370859,1.1973134,0.596435562926719,1710.5710273465625,13.030976,0.0050136982
905055201038874624,125.92082289693734,37.46954778992999,0.5482117300417895,0.023679357,33.64785059383591,0.90862036,0.47883415,1.1900604,0.4948277619678433,1716.4942870254026,11.336991,0.004607246
910431881620195200,131.52933635551892,38.04791015209571,0.25702940085617976,0.016703822,38.11769058624126,1.0244704,0.6416054,1.1853261,0.6251451310341928,1716.9627896257557,13.345819,0.0023541118
6591208755501548672,327.33248709399874,-34.205388415765064,0.40432847458401266,0.017462458,-50.53289167259777,1.1119616,0.5705261,1.206856,0.6154424099781471,1723.481949982549,12.281084,0.007819012
6641299653404693248,299.60288319282427,-54.514527504929944,0.521451858937188,0.016921181,-31.34069758656398,1.2192277,0.6687689,1.2251891,0.5684203648774249,1710.0562551994783,11.850162,0.014552468
1315066832249489664,242.0172284579605,24.98894753987102,0.25507772216098373,0.0190683,46.06901502494862,1.8089054,0.58847237,1.20409,0.47573242650667813,1716.8532488527,13.65852,0.0017901335
1316138031452908032,242.87184165487457,28.10728444552677,0.4441314735193024,0.05169865,45.99689344731886,1.0188144,1.0918427,1.2379708,0.4990334865425981,1718.073828399844,16.854628,0.0056119747
1316840138346618880,241.59065167160597,28.117716829096814,0.2638545734151604,0.013550598,47.108792963987206,1.2270725,0.6241169,1.1522864,0.9291556116677682,1716.75131714254,12.66355,0.0031578094
1319786348472618880,239.38238892503279,28.633475034492918,0.37458347900921024,0.013257031,49.11177065223364,1.2364491,0.653924,1.2037818,0.6654341242607973,1717.2800435655317,12.230103,0.0041947225
3640396516105037056,211.40459002028774,-7.247503252397609,0.36104103143157806,0.026180083,51.21553296039285,1.6376483,0.5554199,1.1811569,0.5522036100601512,1702.6773753908867,12.880957,0.05715668
3645437815573697152,210.50110216644143,-3.6057262852952605,0.3390615307297113,0.01897403,54.86285444431948,1.1974584,0.6869955,1.1886972,0.6555901617148422,1702.6037138514637,12.6650915,0.002520865
3647966829756640384,219.94793726915123,-4.134850535979941,0.29451657973384116,0.017154131,49.23725034876835,1.2042042,0.7688389,1.2053013,0.7004665282011604,1705.9636242079087,13.139209,0.033704437
3648155941461125760,219.86384182149942,-3.4602447934033123,0.432146406427857,0.021807013,49.81699685868532,1.6354294,0.72311497,1.1952157,0.6016476961559829,1706.0600636613894,12.479789,0.047073953
3652665558338018048,216.91278618231837,-0.9016894551437229,0.7836428125597303,0.022390312,53.65190703505404,1.3010896,0.6469135,1.1871454,0.41080228934216423,1705.7218695848799,11.461215,0.083219916
3654108942227406976,216.6279173439696,0.08980930149801612,0.2516160025946652,0.017683,54.60859315651326,1.0115093,0.6516714,1.1977564,0.7936429420537325,1705.137384510185,12.985369,0.001223546
6855075942550532992,310.72222299054494,-22.7594947297621,0.3253650692182476,0.018644014,-34.052865843464524,1.1564555,0.67539215,1.1960846,0.611236755192637,1721.376418562407,13.207223,0.0030313362
6338540742919434240,221.37091584591042,-4.021076983533192,0.2854684512581702,0.030562665,48.43052304529853,1.5827625,0.76866245,1.170053,0.5169095176309114,1706.2627167019252,13.577838,0.08841282
6338829089843936256,225.22103912290143,-4.455456532269539,5.073094697086418,0.029602148,45.566797640859264,1.6986692,0.76060104,1.2087219,0.5844122606419658,1707.44686030186,8.892903,0.0019502717
4545066299664306176,256.13693984532,14.44240410841457,0.4470244062980098,0.017416839,30.08471230465605,1.3981633,0.74308014,1.2138104,0.5510179288316122,1717.3805476794623,12.455985,0.023864727
4545996422077523072,256.67098688797785,15.67563437382426,0.2647901990088622,0.015868384,30.090595354101428,1.1538256,0.79513264,1.2109528,0.5395311641586704,1717.6904771603395,13.535218,0.007796061
6271132262001426816,213.91490123461193,-25.66599830676424,0.47824429312063554,0.025038365,33.44391230241352,1.4996408,0.63295555,1.1571424,0.5228095695029232,1702.2939833617672,12.580707,0.042407196
2705994842915784960,338.91065896590897,5.373558087382501,13.507018603237697,0.14923584,-43.814907234808025,1.0765954,0.90053177,7.4345684,0.6873194653943058,1783.3729009449592,16.800467,0.0506853
6271902023220303360,217.56589520818133,-25.40200485417714,0.2568199736104918,0.021240864,32.32699043649336,1.1521763,0.6902056,1.2039679,0.5858849153983063,1703.4624199883197,14.102645,0.008316956
2707306388488988416,335.9223779593268,4.103952884773919,0.29153816242573244,0.019319516,-42.602379750889604,1.1426247,0.8547487,1.1970915,0.5176154078018934,1763.089472158157,13.662587,0.029933026
2708136416688814208,333.03549277535654,4.973741413291487,0.2543436005820959,0.022935646,-39.89759387262831,1.1354373,0.70127106,1.2015837,0.583791352557333,1762.5731440262105,13.926828,0.020354098
2710145121353598464,335.8112066506893,6.800709892406547,0.3427296442229778,0.024295243,-40.64201829242261,1.1237489,0.67218304,1.2106596,0.5309856600042876,1763.7878808386247,13.828167,0.038512554
2710315373857215616,336.7478019181567,7.583417670559395,0.2536560905736048,0.023975607,-40.73262836348286,1.1596322,0.8112688,1.2305255,0.7173956325271824,1763.387790633108,13.917696,0.014972728
2713294393238110976,343.3461900877637,8.768520703570262,0.3043870418085216,0.02280784,-44.102239602528904,1.4630936,0.6848879,1.1504323,0.4930512931024249,1666.2713794631225,13.176436,0.104493454
6275283468151655424,210.71536409582114,-24.071768493399738,0.2889588235635974,0.017614072,35.977089298694175,1.0750273,0.67415524,1.1879084,0.46294128740927964,1701.9741090782327,13.782672,0.025639169
2721284578596687232,333.1204623358623,8.059701749783219,0.3635875941273169,0.023422016,-37.855934686533686,1.4999264,0.63399124,1.1680652,0.5768514905821164,1763.2936572911967,12.698801,0.037330225
2765589163416465792,359.0032595948445,10.888319837999285,0.49034524338151286,0.025950193,-49.67624056007386,1.409832,0.7391195,1.2686462,0.5623884667411584,1681.5267918035752,11.93836,0.006581229
2775076157761178240,11.987721229425988,11.706467362160623,0.460474019839751,0.026261065,-51.156067036112226,1.7135636,0.6491432,1.2421726,0.455662809432843,1694.3132861417312,12.215557,0.019028595
2765064765090082944,353.7454542753792,13.735014690815436,0.2935674003245452,0.020437917,-45.12193826723415,1.2419566,0.7369795,1.2054423,0.6941230752910457,1677.736059715391,13.114578,0.004213406
6782119124097122176,315.76106941231893,-31.022894918362873,0.2719600746906725,0.019036783,-40.48840792205178,1.0292647,0.70371723,1.196138,0.5970543517192426,1720.7405111075764,13.810718,0.0014410875
6787617919184986496,319.0946751196524,-30.284215994588482,0.7778138572257141,0.02296417,-43.17509636472345,0.96260387,0.77998257,1.2055384,0.5869214010310325,1721.6434942391816,11.470604,0.0039352886
6788454544456587520,315.8192372846301,-29.552315044467935,0.5959242817892583,0.035330188,-40.24864531559288,1.9497976,0.75661373,1.2303946,0.7318755090619662,1720.9565346451134,11.782325,0.0049941554
1268064806104879872,224.2277623988654,25.583595351946506,0.30563515820691567,0.019951522,61.92214265586062,1.8945875,0.5442581,1.2005339,0.4792608871627018,1713.5389332054026,13.046567,0.014624134
6788756669633846016,318.619060246864,-29.17779397310902,0.29642235997301414,0.026688363,-42.56322716877445,1.5901041,0.70163155,1.1862061,0.5404264542608228,1721.9410118105689,13.106588,0.006570308
1270551008059102336,230.58931050571454,26.877124769657268,0.5051318605408063,0.022780748,56.51189465120265,1.644207,0.6001482,1.241667,0.584620685470838,1715.0159416328472,11.814941,0.011053946
6787592286820172032,318.850452607597,-30.42170467523964,0.2589836616341538,0.029356677,-42.99180745331979,1.251625,0.73981,1.1975616,0.5555170645577393,1721.9373312081048,13.791293,0.0044551855
1279159050227582208,219.2876681499531,25.746210307553074,0.29580600345219077,0.028617734,66.33849177472078,1.3440013,0.5763712,1.194504,0.46672847707002646,1712.2504661127577,13.635883,0.02463174
1280132014939378176,220.55568474156175,28.206572316725968,0.3617897831729878,0.02461028,65.49997921662388,1.725905,0.56869125,1.1863182,0.5228251538580204,1713.3389408608073,12.496452,0.016131865
4658354244081703936,78.71280892237513,-68.71777799347758,3.9615771983678596,0.73180455,-33.85074687322311,1.3653479,0.49647522,2.1374109,0.6704583103478495,1770.0460059607485,20.351366,0.013573345
20161096179157248,39.734959497104555,8.74243831891529,0.32796104206612786,0.017100057,-45.67038945001637,1.26856,0.79191303,1.2257742,0.6042915733615587,1705.1667305187311,13.1936455,0.018482598
23769177945357440,34.967988528519655,9.279951287018957,0.43831025196564294,0.019377656,-47.75074888205566,1.2556828,0.5526562,1.1811718,0.4626760866524255,1704.0310859278004,12.668458,0.019096058
729403339418654080,156.35674711652527,28.785302295895136,0.5334923789624645,0.024509126,57.840066078346226,1.209381,0.55860424,1.2424319,0.5438957661500896,1755.0818968579,11.660803,0.032527737
733011421184981888,165.06368345339214,29.320878173327348,0.2643141208744032,0.022856036,65.46839824881899,1.0898179,0.61253166,1.2046095,0.7927954677118522,1754.8358689593,13.432298,0.0051725083
745761186221843328,151.15160616006114,31.880328408792057,0.28480161957775113,0.01859955,53.61206404248447,1.265007,0.6166887,1.1825395,0.5571928699261524,1753.6934233401391,13.205883,0.017800272
746155361140722048,153.96441333764307,32.859087410597404,0.3602850404381502,0.018821962,56.02256173787179,1.1549692,0.56725025,1.2140162,0.5244438429987139,1753.4545548008996,12.526807,0.0455923
4992305406019690368,7.179582767203175,-44.00644438536472,0.2888732027342432,0.017908182,-72.5122686551811,1.2499683,0.65782166,1.1586154,0.5999703774000468,1750.2905652688155,12.871974,0.010208427
5011834347435737344,23.848787791944822,-35.12861591769875,0.489636089096906,0.02047368,-77.6662008393837,1.6490169,0.5841532,1.2426419,0.6370741334765232,1683.8726908696324,11.883589,0.005101914
5013607825333232000,21.249245449963034,-34.64934413727578,0.28562969257238047,0.018557036,-79.5968718364225,1.2486601,0.6168022,1.1801317,0.4264044903960681,1681.9769852201707,13.7283,0.007022286
5015477957173310720,24.843287230096852,-33.07298275216536,0.4000832849456134,0.015801864,-78.06110512289422,1.0580195,0.6327133,1.1848221,0.621984393491681,1686.4398786827633,12.775572,0.00097350474
6881503013761407360,315.1352152730513,-19.33029707078986,0.27004790151961167,0.024379358,-36.826486986578566,1.4828628,0.6632452,1.2037146,0.4763037042582067,1724.4192398685639,13.370385,0.031181851
6883653108749373568,315.37039065993906,-15.229945029244494,0.8440538583634187,0.019540504,-35.54328110241836,0.8782617,0.61078644,1.2468948,0.4477215824189947,1755.7589140534606,11.039362,0.039073694
1660330594519598592,215.56384397602142,60.48423662029303,0.27287000335831657,0.015896212,53.25378349436444,1.6799268,0.547451,1.1780169,0.6077079404397759,1665.161700337827,13.065292,0.008889585
3698725337376560512,182.14594420682138,-0.4567634553290866,1.2453874767058333,0.047228165,60.55310847312345,1.3215986,0.6278925,1.1855265,0.47559701682552497,1680.5435521084357,10.514502,0.025796654
3699778119760745472,185.3196111426815,0.36739819748515484,0.5635141110897426,0.043703,62.275997870016596,2.4360251,0.57535076,1.2293246,0.5870745061538267,1683.2755205845708,11.819737,0.006111446
3700131612748704000,185.71992277236302,1.297527811632046,0.4437745582465152,0.024225662,63.27642018895064,1.6065086,0.5730829,1.1981213,0.5429954404117662,1682.9606197987025,12.514988,0.006253865
3714772262906904704,203.8335271313411,4.965265627803375,0.25633434000365035,0.021137789,65.49164789675856,0.9086351,0.65019035,1.1963844,0.6162290600759347,1699.8631772814422,13.851359,0.0018302959
1699041955096306560,214.48201452804597,71.68538424168892,0.2951889781077587,0.013253813,43.857851798761054,1.4164677,0.64203453,1.1834235,0.6524284670689208,1697.723885987164,13.0371065,0.019412981
1701333887084708352,219.96486388233848,74.75050158121462,0.4779774742233881,0.013071252,40.41398467299126,1.1109735,0.58445644,1.2305646,0.5852498440164005,1697.7640417915661,11.851309,0.0125715025
2686841350360729984,323.3535534433644,-0.8283623289214447,0.8129742448755383,0.10538899,-35.76505161391852,1.6957107,0.69894886,2.2887924,0.6558182288721804,1810.5113434431216,15.761796,0.031954214
2686847191516770048,323.37993296734646,-0.8232308018992085,0.591721792897371,0.11423885,-35.784219965828754,2.7780406,0.6072283,2.1476905,0.8091394291929916,1785.6003438973232,15.707791,0.00765436
2686847225879088128,323.35841739049124,-0.8216359694329146,4.2030458176789685,0.30984476,-35.765397550551405,4.210575,0.7930784,5.7775693,0.5669209301428552,1810.656912270983,15.761034,0.023698008
2686847290303853312,323.38636691632615,-0.8097520279330853,0.3014084297092004,0.05141612,-35.78214634381168,1.1902905,0.6531162,1.3106577,0.8757372620298063,1785.7308532829666,15.614653,0.0066057346
2686850180818724480,323.3538870632263,-0.8120532756284154,1.1739721718731435,0.10454578,-35.756332565135274,1.4687016,0.7343426,2.0464067,0.5642330800690611,1786.3810485779875,15.896266,0.021126488
2688734709383609344,317.55350725749497,-1.7212206570565616,0.7188122959401516,0.023629805,-31.335155018738188,1.037776,0.5797701,1.2765363,0.46340368579414953,1809.3096575704346,11.692401,0.01884063
2689556491246048896,318.8241947328094,0.0761035663579507,0.8746558801627857,0.022598427,-31.47135559278504,0.9843554,0.6166706,1.2451205,0.4593049909572668,1759.9205624982585,11.078233,0.042195346
2689643352664383488,319.40293544960605,0.19764764805860535,0.32033345038604316,0.018254682,-31.894142239014236,1.4293357,0.6737871,1.1883208,0.4891233597929779,1759.7219272841553,13.239892,0.017175652
2497458508359533184,42.482843083937475,-1.4200243079179615,0.4346662454640804,0.018030072,-51.69508516580183,1.2706288,0.5983734,1.1883892,0.5480991720341238,1707.25654894573,12.557744,0.0140101435
2503825509612522752,38.68587342436696,3.6002489138698888,1.0513624230192147,0.16931367,-50.43298085007045,1.0102046,,,0.5215441895283903,1706.0437955885347,17.772987,0.08448724
6669181962615097472,304.1610459731855,-47.40713673925222,0.2553685333749368,0.024056502,-33.67622802659746,1.2067428,0.7185211,1.1877781,0.6544707144930689,1712.5998691852697,13.989432,0.014243997
803407446998944896,151.52808459515018,39.35783674939223,0.3976595688667036,0.014981001,53.69656583231481,1.1580553,0.60991955,1.2147115,0.6843255671680183,1721.1917461890591,12.209436,0.007599305
6670386026631444352,298.84115258246163,-48.44802605843518,0.5223356435601376,0.021084484,-30.249899421580515,1.3859656,0.6300659,1.1452241,0.5795055667829082,1711.7607711823218,12.130795,0.018593607
814436815636834944,141.12737926963044,42.30472457784345,0.3566137262142866,0.025033314,45.607809295544385,1.5066553,0.5956373,1.1809988,0.5621090495266862,1717.1529145401666,12.84518,0.0023166942
5141890217766758784,30.069447549516934,-16.346156290323606,0.8540376139554504,0.018804424,-70.75345919143786,0.86422074,0.58776855,1.1792444,0.8230854271868595,1704.8628884923016,9.364318,0.001580286
5151789464548893184,33.81222357489995,-10.8002924435653,0.9485865953457021,0.017695565,-64.40375222623602,1.1350682,0.6509752,1.2010236,0.6234302222689776,1705.5387081990023,10.759491,0.009605121
5165689383172441216,47.967177132355964,-11.354132106040725,1.3350774963196892,0.023602502,-53.47491324854513,0.9757612,0.6810398,1.1901759,0.7138758788440148,1710.245776714968,9.839777,0.013092042
1561928427003019520,203.32514328972982,53.987198157541364,0.950735494547148,0.013863085,62.057232328974685,1.128655,0.5829439,1.1947231,0.46805905525592434,1666.2531716494614,10.692641,0.00929586
4356714327124981632,245.25251692135183,-4.26585122934525,0.41619815632823254,0.018633591,30.509747679824716,1.2530457,0.8516264,1.209543,0.5710502012952685,1743.6620494462134,13.104827,0.008110217
4356811221587203968,245.4468883238015,-4.098273739627199,0.5724450468927762,0.018271282,30.44705995624257,1.017777,0.91652584,1.2240423,0.6239363331084856,1712.2897394395711,12.301901,0.008694758
1307468932023530880,250.82806916794348,26.807108773062133,0.30104880350167806,0.0131094605,38.82539358604749,1.2392777,0.70357895,1.2027764,0.6309378054783917,1718.888936445467,13.20644,0.004387011
1309866588926260096,254.33674015237403,30.35757826782471,0.31996831314084906,0.012684902,36.6666716281265,1.3025682,0.63703346,1.1927,0.47269707227288316,1720.3598219890155,13.147829,0.03580552
4427628875745754880,234.7994487851072,3.923399263858361,0.27844080412434075,0.023882952,43.761799279664444,1.4949248,0.57013893,1.2190347,0.46342754719787815,1711.70825815725,13.301485,0.025111865
4428519235349675136,231.09217576676426,4.6340032534215725,2.9255971547257547,0.48963046,47.19267400267063,1.1441805,1.0260353,1.5897939,0.5161080913026406,1819.1822864881294,19.767132,0.03756981
4429111567175788160,232.298388480165,6.142126369786281,0.31016072639199627,0.016119381,47.06965721381844,1.3252509,0.6323471,1.1922258,0.5422983681107877,1711.10456717201,13.015028,0.02491443
6602273514672096000,337.45610001582696,-30.17250412686554,0.3513444826037765,0.022110397,-58.90588964341483,1.3764044,0.63191605,1.2141318,0.5515692224577786,1754.4509372002958,13.2232,0.037285816
6616811807170380928,330.84827329904135,-29.481225248367377,0.355315212374903,0.021897005,-53.13554269019747,1.3042898,0.61702156,1.1744962,0.756797881272747,1781.1173891812273,12.782306,0.0044504562
2544592853854602496,2.92143287056181,-1.7487334685828233,0.44519255298129234,0.02425925,-62.890904330782305,1.4181795,0.6050129,1.2046146,0.5297309065600849,1680.0453929078526,12.2141695,0.027567524
2552333797966961664,15.637368788178822,5.394978720381917,0.25665180804894605,0.02254319,-57.36598203777543,1.076457,0.6496601,1.162357,0.6735398968955282,1694.8718307907554,12.792388,0.017556414
2558296724402139392,23.034104334078958,1.3415337061987371,1.609751770823971,0.021330139,-59.89143735794867,1.0127071,0.619977,1.1888517,0.5530273076717404,1699.4318164498384,9.611701,0.0028368842
2559053875596774784,23.636800045837408,2.7450215744990043,0.25258283075983734,0.01779736,-58.36962430585226,1.14401,0.6405859,1.1951345,0.6466728741089625,1699.71662275361,13.273111,0.0014957561
2565582913081431296,24.423220993827602,7.055442302759054,0.25779524681666516,0.02009072,-54.028825313728376,1.3809638,0.6842499,1.1671829,0.5478177396546835,1700.2784459890588,13.292871,0.003009963
6362257964645972352,305.1457159654529,-78.30633955440742,0.36224795238207474,0.012941875,-30.992565862025973,1.2130411,0.8235903,1.2638181,0.43072140049056185,1702.9480249352425,13.429604,0.015120227
4446209728904885248,248.821970720383,8.802136840885073,0.6175831439765828,0.034034424,34.19885459271939,0.9834067,1.1358366,1.2471293,0.5509271252710988,1715.0976591467493,15.772022,0.003778338
4448283270393789568,253.90327404378667,12.430738940737434,0.25634900047181597,0.024938144,31.260725607948785,1.3592721,0.74857235,1.2175213,0.5285414855773772,1716.9491250533508,13.920061,0.019857222
4403447557033068928,235.0366651565618,-3.0906649335176937,4.869981390701834,0.73743707,39.34593399203863,1.5650495,1.6113033,2.190833,0.6122686613105166,1709.7293485166224,19.66996,0.028991265
4406921464023735168,245.41701048843063,-1.5234285590558097,0.2546258481081371,0.019295514,31.922202312588297,1.0681977,0.7745676,1.2138215,0.5909275501724127,1712.5635289401218,13.536933,0.009769173
6316938500534254208,234.49130514226735,-10.331747922971514,0.2696456466756417,0.017747574,34.93437759713211,1.0878683,0.6721239,1.1949008,0.37752659147214074,1734.100221183576,13.62262,0.0024079415
6321036891467501952,230.7006634391497,-8.366211767095717,0.45047662580026865,0.016339941,38.9772269144191,1.2358325,0.7050171,1.1888125,0.6074410551779177,1708.3439497784925,12.448038,0.0053316806
6321161342439508480,229.59119061556171,-8.461861789924455,0.8310549650174403,0.017791564,39.67358960319023,1.2503785,0.63169575,1.209015,0.26962428847745856,1708.701494055268,12.004001,0.05428242
6322192448123949312,229.7941441971351,-6.974456190928212,0.2516571904028993,0.019061564,40.598455160533554,1.3809639,0.67663383,1.1898669,0.5141331266600035,1708.227515550997,13.370696,0.026795648
6345324587928571648,328.3972368661331,-82.77896583785666,0.8670584452889231,0.014222134,-32.15487243972209,1.2715319,1.0414534,1.298927,0.6218472612583082,1700.7342850858931,11.62809,0.013572049
6349376052054952704,308.18065262019456,-80.9812702452567,0.32146344370662616,0.013607681,-30.66481147811894,1.1868283,1.1017771,1.2174901,0.5838372240732361,1701.6924704601704,13.640701,0.010225558
6350009989227781888,313.0082124197428,-79.22509551888739,0.2696787485649904,0.012114213,-32.1075568115639,0.97831464,0.88603115,1.2118746,0.6273827282210749,1701.9952545754247,13.693316,0.0015084682
4838322822639932032,61.249171743869795,-44.95169995321065,0.3597981136235448,0.015736492,-47.76668523579146,1.3161937,0.6390114,1.1825602,0.5668375201887692,1721.6480060101721,12.928114,0.0012645881
4844609039853518848,63.33897722008059,-38.55094572810472,0.38886809318288607,0.012059772,-46.64286256200963,1.1748086,0.59897614,1.1895292,0.5765053726389954,1720.5363089079285,12.649453,0.006000979
6275927227913737088,214.38767315047858,-23.663609173046137,0.32637686383845804,0.021221226,35.118667274706354,1.3119632,0.7485943,1.1676509,0.5208689541169709,1702.7340319097827,13.568118,0.053297672
6276259520943508608,213.43954254100657,-22.911682122798943,0.4245491222414394,0.018590776,36.15255105140207,1.5336509,0.6611347,1.2374645,0.44795437435488256,1702.8193747309842,12.500649,0.06328479
6276946956229406080,212.6045853368591,-22.746695851895414,0.32181792684056076,0.020629834,36.59828993326875,1.1560597,0.70869064,1.1840556,0.6399420208373237,1702.254539819071,12.735689,0.01447493
2421758717630493696,0.9480359584747684,-11.476489816009465,0.34780282932983075,0.021489598,-70.75868082515088,1.3981382,0.6415682,1.1689918,0.7408588699215267,1673.8132453614196,12.679989,0.011245363
2438063650435672576,350.41041727427955,-8.770995938199558,2.3110797538695644,0.18470854,-61.940075724726235,1.1627793,1.5154476,2.430117,0.4936397458812411,1665.7820425041805,17.796028,0.07848354
2438710609949867776,354.6370890361673,-9.318779287392847,0.7610823502660232,0.021671971,-65.23518777648815,0.89589775,0.669775,1.2419293,0.4818710472797228,1669.364988803985,11.38133,0.008837714
3746165759421557376,200.49477028729999,16.70491060193653,0.25786489850195726,0.02213924,77.40613900430972,1.312071,0.5545645,1.1798393,0.5841203258658204,1690.4918277787137,12.864044,0.009960733
4661420816313799168,77.01944993831829,-68.00710177742343,5.041121537045641,0.9888808,-34.615827397868344,1.7248468,,,0.5173398834242248,1736.810829013626,20.17266,0.03448831
4638562862910961408,26.841046035139957,-73.35031051100256,0.2524993711631625,0.0147200655,-43.18140633208313,1.2914314,0.61345005,1.1721715,0.48760779166890583,1699.1882051592577,13.832223,0.004841587
4658676675807854592,81.56833453385416,-67.61802658991448,2.0408782425054905,0.40213552,-33.00319228500429,2.6805365,0.68333244,2.3739357,0.5785428322777784,1693.7733808684334,19.11045,0.031897306
4643606391466365824,34.87804214577304,-73.56596545419772,0.3352068625192296,0.014496899,-42.127133960203224,1.2762161,0.64287853,1.1667936,0.6753831443109567,1698.2437075313226,12.94107,0.006383841
4346685578493117696,241.1732418269506,-9.965244114236834,0.4584235333258266,0.019953722,30.268261106196416,1.46564,0.88884354,1.1953382,0.49980935031259155,1710.6635115080692,12.964389,0.01654614
3479598373678136832,178.5007685870806,-31.26111083606753,0.33404985015990774,0.01877696,30.025087818460147,1.4224733,0.6515856,1.1964302,0.5679795305121639,1690.997705523044,12.943901,0.0029562975
1775756844167043072,330.76654846624,16.73869366206062,0.28503836033256275,0.019817403,-30.073682279895447,1.3774642,0.720623,1.178083,0.6346373020824011,1764.4273974984612,13.521939,0.031320453
6620741878340534528,337.53146626202795,-28.170074616508806,0.3424913844089835,0.022848418,-58.799548209498276,1.6911854,0.6639538,1.2322524,0.5127835017705349,1755.1877419878545,12.766065,0.06034852
6625215584995450624,333.9822957975647,-25.37725813107928,0.4467944055250283,0.023371695,-55.22693213822169,1.2860658,0.5673542,1.2342286,0.5467357331420257,1755.1862626843754,12.13241,0.017067436
4689013644782230528,14.055212734323732,-72.3122971659577,4.296847622980932,0.74955374,-44.81119708220923,1.3887677,,,0.5975132500748866,1741.635101591317,20.327494,0.03785949
4689017694977157120,14.187906890011577,-72.22031519517718,6.013637623050854,1.0706555,-44.902026100658865,2.017163,0.5931835,1.774478,0.6327893726189464,1741.176254509922,20.338743,0.04926277
4689271514561039744,13.447560502778497,-71.80612587808389,4.208377027511762,0.8094728,-45.32093138004352,1.626819,0.85494614,1.651648,0.6633867936085888,1741.3408358387906,20.258663,0.01713288
4657874994391544064,82.38572529929176,-70.45394165784222,1.4735389369292369,0.2678126,-32.2663724709375,1.2388809,,,0.6300957005925811,1694.8041394801876,19.217583,0.014639309
6322601191571653504,230.52012174131534,-6.471200161398193,0.7881558027208845,0.016536094,40.44163790315428,1.0646297,0.72363853,1.2149704,0.7788943328276304,1707.7461564669984,10.974381,0.005278248
6325071588040334080,219.25075690844713,-10.814842907062243,0.29368327176506553,0.021092013,44.22791052051117,1.1944822,0.7976589,1.1898483,0.4791013207456461,1705.4087714573002,14.051854,0.07606714
6327036861995922560,222.5886563367257,-9.097310102960652,0.2916119349556604,0.018847315,43.71163565822192,1.0506853,0.7041445,1.1926082,0.6439465648676594,1705.9517409618916,13.016169,0.003151022
4657938010177504512,80.43119407600511,-70.18923468838271,3.782297777614,0.49415746,-32.96163006141218,2.0808253,0.90114784,2.1540926,0.6074298714174329,1797.5839861978022,19.213835,0.03196251
4657943301625136768,80.30185187238145,-70.07954147065567,2.4241355327204115,0.4737486,-33.02633573069572,1.3274614,0.4676056,1.9691125,0.49142260031444257,1694.7757833349717,19.639153,0.030221773
3554324929112344320,161.02830545468703,-18.877404395187,0.28517261027089885,0.022574624,34.606540758577076,1.8778694,0.587615,1.1925116,0.5977720285000636,1668.0710258998736,13.309311,0.02268349
3561812500219040768,171.55767744130162,-14.068847801132863,0.27512865237632855,0.021361507,43.90525954229634,1.6504458,0.5570736,1.1679567,0.5029035589949312,1676.0869695915007,13.016811,0.014142945
3568256119394362880,179.30857649983648,-16.47625465118288,0.29985954698653455,0.01989683,44.45586310934966,1.2913612,0.69863224,1.2003344,0.6450250826070643,1684.3654749552315,13.155435,0.0041914345
4648583605732925184,83.65381491842342,-75.6632271619259,0.27010321177590774,0.01393168,-30.94928557874369,1.2235733,0.6641941,1.1963153,0.5739488414514858,1695.7883393691477,13.715575,0.008674575
4649015060967755520,79.09619206451679,-75.45721639599815,0.2601325573535088,0.010644962,-32.101917430137355,0.98125225,0.7156553,1.2111877,0.8340038950088993,1695.7362333748397,13.279798,0.0050342865
3516461115906115072,187.84116439469994,-19.00101228691503,0.2540606932620637,0.017671678,43.61492063065675,1.2060456,0.6764946,1.1650478,0.5529571923536188,1693.5253972816954,13.505551,0.009435766
6194325602364946944,200.96972238869085,-23.358989953778046,0.28432712066748494,0.019138772,38.90848863948397,1.245671,0.7913141,1.243727,0.524838216814318,1698.7451741676073,13.382691,0.028961098
6194328729101142144,200.81818151079642,-23.316618195107843,0.2541941462155868,0.017651943,38.97256790467762,1.1187685,0.74783516,1.2321812,0.556633600724975,1698.607284625021,13.646767,0.011756842
2668973015098185088,330.48132102587994,-5.600711370675015,0.5245817650993605,0.01961314,-44.331488381308624,1.2235821,0.7413664,1.1957272,0.5711947124624144,1760.0307522458388,12.013969,0.007358632
2673489426613267712,327.92217297109266,-3.141279525010992,0.3658720331358425,0.037249308,-40.84730005026473,1.7222828,0.6640291,1.2152708,0.48665967580651537,1760.0977893488,12.97259,0.0069331774
6910611591970329216,314.45169332231535,-5.685208581117837,0.5082020706826912,0.021952825,-30.60495870859078,1.4060326,0.5933237,1.1998068,0.40636332363808625,1788.480751978915,12.292904,0.013525627
6910756005950942336,315.17344683737554,-4.934522881028925,0.25113090814257,0.025818652,-30.877867717162367,1.3749675,0.59372807,1.2243022,0.6307135346275211,1787.8699247504856,13.531746,0.007616612
2869411785820130304,353.2474792571198,29.315387442006983,0.5034357978658226,0.0142936325,-30.513292063363142,0.842224,0.81376743,1.2059195,0.6960784161553487,1684.7341085683076,12.305251,0.0028791868
1431291700999242112,248.8816305324219,57.8397263171271,0.6291072963708694,0.016947528,40.59998659301078,1.4730649,0.5197067,1.2341877,0.44290661863852154,1736.9636241133214,11.577553,0.015174977
4651862864841172608,81.81450635958447,-70.73209179868248,2.4260559315240293,0.3637906,-32.405249288265296,2.0100822,0.38542366,2.328635,0.5798683259203258,1694.7588721493983,19.152126,0.033830617
4685757887726594816,11.233266580284809,-73.88076610780682,0.3309123727206872,0.012480282,-43.23965614802362,1.0683239,0.6657543,1.1965789,0.7329078079882523,1700.1434582639747,12.530823,0.004546726
4685834544315524224,11.382090577038683,-73.4429456729646,3.074844141455996,0.5428971,-43.678624773579614,1.2645779,0.6853466,1.5078864,0.5074006009299418,1700.4900701607564,20.046951,0.020351842
3626569264033312896,193.1911808287983,-10.26028930633781,0.5898175111211001,0.018728802,52.61007594268035,1.2995527,0.6830635,1.2188197,0.5534782286999566,1694.7906201634898,11.834864,0.015959138
3630893024789153792,203.8172516764303,-6.972971297109178,0.25455814610426913,0.020622564,54.286080671349694,1.3881369,0.55303574,1.1786993,0.609350525089023,1699.443319321092,13.332183,0.0104418965
3625505280374093568,194.04400240289218,-11.295039245738044,0.3642403355543199,0.01868631,51.559519448777436,1.1229252,0.648489,1.1716962,0.5971411244295,1695.386657006589,12.526405,0.005123612
3631923889955509632,202.34336098692228,-5.883137990908332,0.563833380076019,0.03415219,55.73699762099541,2.0480828,0.554327,1.2223583,0.5763177560715865,1698.830397470885,11.645263,0.032607473
3632110703852863616,202.09949802586684,-5.285880517904021,0.3070776679584122,0.023427056,56.37675836340274,1.5363253,0.6319628,1.1704173,0.6515607144688047,1698.7132182750004,13.149316,0.010727389
4687486732330996224,16.062660370661863,-72.41636536976102,2.0197416904600587,0.33851475,-44.678028008729655,1.3404701,0.5514374,1.391637,0.6545134313324463,1699.9533224697022,19.452135,0.01721528
5176548537965653120,37.135255930693624,-8.358365612383691,0.5911511055478026,0.018564003,-60.33790966870825,1.2375733,0.70196056,1.2684475,0.5105948497910446,1707.127555945547,11.724148,0.0203774
1348307473938325632,262.44312431256736,42.4671220482784,0.7279063895553575,0.021983031,32.47169693788355,1.0753182,1.1469927,1.2389846,0.881076046726923,1722.8858343378445,15.222408,0.009838451
4760456779256739968,80.33938560781328,-62.3568445130505,0.47409302265592546,0.010963035,-34.20027680822808,0.983939,0.68734837,1.2077489,0.6496652565554274,1735.5268844640962,12.209424,0.0032725094
4764459551334687744,77.16110764718447,-56.04919524883144,0.42585590270911206,0.013416443,-36.42572679448437,1.2922184,0.5249052,1.1803546,0.5160278569213438,1735.6598672841767,12.592856,0.018663421
4685986581864397440,14.192432589105994,-72.58125018669062,2.2505532983686964,0.40932313,-44.54120403495391,1.0182604,0.17529106,1.2311898,0.44600005038986,1700.8263214755684,20.018316,0.055868432
4686964563061455872,24.09653750259729,-72.08725655366287,2.2942699988878603,0.43029815,-44.61704835304666,1.8123255,1.1579475,1.5557925,0.6031316881637216,1698.9044352124358,19.469692,0.055225313
1050307829598059008,149.45325159809536,60.74115007525343,0.253084810220305,0.015129697,45.547204180783304,1.3185703,0.5818291,1.1916443,0.6189060523176929,1707.7839214904354,13.131011,0.0076248697
1058066262817534336,174.48532961608134,67.32939275491853,1.3320641544609253,0.0143925445,48.27044045893968,1.0121614,0.622488,1.2011298,0.6604172387792158,1703.0064867709345,9.676655,0.0070877015
1583952778778092928,185.30087907232218,63.44650093415222,2.399389214173331,0.0124907335,53.34863501061447,1.0946933,0.90345097,1.2177131,0.4952825883488252,1703.0364791431577,12.7666645,0.006643349
1586892735433520768,223.167524462177,45.66130678435102,0.3933823676457317,0.012148782,59.669499544811536,1.1719669,0.59871674,1.1997238,0.5007683549723742,1720.223003086558,12.479203,0.01909679
1587711214463492736,229.50839151055638,46.70143295457745,0.40821036325045124,0.014534017,55.24049677488219,1.3384167,0.5611906,1.1973603,0.4586620255894049,1721.173068569268,12.361693,0.019964054
1591868059907638016,220.67390849462942,50.106506650844146,0.3150344419866259,0.01739951,58.727077588965074,1.5425233,0.57794285,1.1552544,0.6117499129474573,1686.7875307125832,12.738892,0.007784117
1603791812537895424,217.62839486778552,50.33948518451162,0.2573604634589808,0.012598074,60.089189831077945,1.1082004,0.61451435,1.2058617,0.5706372669409469,1683.6479563679584,13.267102,0.021036588
1354588296672698368,254.39391957482204,41.52888463652838,0.2763213398704547,0.011196245,38.3072225991322,1.1299388,0.65584755,1.1939634,0.6822954027240192,1721.8222425926858,13.325951,0.0034483538
1355794701446514944,250.66098345415404,39.87920525106812,0.25126355247651744,0.010733832,41.017510718228394,1.1387192,0.5805187,1.1940794,0.6535309342414971,1721.368392408242,13.385033,0.007732428
1356025457153174656,250.1368203129229,40.61829479879449,0.3422275260541867,0.015164308,41.45573208947658,1.4472238,0.60690403,1.1802124,0.6494674134661498,1721.6441183877366,12.655633,0.008186768
1356103870372434560,249.908966309676,41.11272134880339,0.317467890815676,0.014882925,41.64712771896877,1.2850217,0.56626225,1.1596905,0.6303336580461386,1721.8881960087404,12.77182,0.009143457
1360405469102206720,259.28310847592326,43.134067817523736,1.2348936378367168,0.17030875,34.85702184093339,6.8930144,0.65316486,4.043178,0.5959183075653078,1723.423108571423,15.019528,0.023861052
1360405499164380032,259.29532624495886,43.14880400355031,0.3807400876153348,0.05655588,34.84976468787585,2.8396864,0.615777,1.4551322,0.5999948745759811,1723.2970137572668,14.98194,0.011940888
1360607637502749440,260.0784894746651,44.32419326115735,0.2537504589118105,0.011894975,34.41190856659855,1.1685507,0.443017,1.162118,0.3567193382614073,1724.3146679497381,13.3876295,0.0036214876
679611371240857216,126.42579486619734,25.719003110613023,0.36988034477096615,0.018022869,31.2285727385348,1.1989172,0.6184664,1.1807889,0.6175330050381818,1719.353138822236,12.5045,0.016134154
4810416805210359296,77.61916979867891,-46.28528782560472,1.4344740932171591,0.010672458,-36.287982730272844,1.134174,0.99108315,1.2227749,0.5751962667355109,1733.9257690769725,13.06816,0.0050174478
6411648920318110848,334.16079993620986,-57.67430221506402,0.25811695378741983,0.0174824,-49.17708123099399,1.6210856,0.53570175,1.1946363,0.5989897612947263,1709.4531924881649,13.304954,0.017377064
4658012051209225984,81.90342504652182,-69.79152678866589,2.2400915490608058,0.35262954,-32.53868406390396,1.8905977,0.5135441,1.668477,0.7537059247716418,1694.3315651371418,18.945814,0.019229079
1398766021041835648,240.1339043648835,46.92389641937951,0.7582067362756979,0.029474245,48.200363469949245,1.5411865,0.5722685,1.2534299,0.4699979494860739,1722.1893567950647,11.200978,0.025473919
6544581040051063040,341.19139250287157,-42.36189734277283,0.25624935275198657,0.015671544,-60.10564125982347,1.0567285,0.58487034,1.1867294,0.5367669712274907,1751.043952502301,13.541294,0.010422691
6547228908864004864,341.89468121611463,-39.05927496940083,0.845348242507582,0.01845796,-61.63129558055114,1.1171082,0.6506033,1.1933835,0.8830951320074547,1751.2694236356908,10.595703,0.006760609
6551854451203360128,350.4744903646544,-35.47261857651564,0.4445677701350967,0.058696795,-69.19537458577251,1.1313751,0.9148712,1.2324861,0.3931631434802683,1753.9143261092227,16.37238,0.009532369
6553439603373054720,347.3773659527877,-35.78809271390205,0.39001498121425704,0.01679013,-66.6887290421123,1.071092,0.6182022,1.1888914,0.5934771292841529,1753.036080730807,12.353363,0.004524254
6558308790617955584,330.1210301789658,-50.49432716826237,0.2970943150534958,0.019213343,-50.14318745160198,1.5497925,0.5056696,1.1523576,0.3981196299926409,1713.6509622003655,13.089237,0.011655628
1031239725288354176,131.30092012335814,56.607406347791624,0.9826662746497883,0.01832466,37.878847896171045,1.0462129,0.7168236,1.2191931,0.5428357072122969,1709.9194639167329,11.009488,0.0019447567
1032533743099023360,122.00960946747918,53.65847648626827,0.4087220526851403,0.014792358,32.70451308977341,1.2550567,0.6626749,1.2129177,0.5754045461163214,1710.532673007301,12.298565,0.01606736
1035908595257383424,134.70514553516492,55.022250404571224,0.4028563568968949,0.01798829,40.00214360883766,1.0677354,0.61281776,1.1758869,0.6042579166629185,1710.2553535091702,12.949257,0.0022686548
590516260413201920,137.95448080161015,9.384430651749877,2.321886553875818,0.3931903,35.39344478785712,1.1137997,1.7752132,3.896525,0.5141767469214439,1786.7541481324693,18.948977,0.046676114
593827920716707584,139.4123542723001,12.650882531728975,0.5367154684137456,0.021459432,38.10044760293437,1.3895507,0.61552906,1.2255449,0.5485155885702028,1757.080222741074,11.954406,0.013721822
4409409933716995200,238.04594988862178,-0.9394192717949823,0.3017421676217695,0.01678291,38.294587585733524,1.3588351,0.8165264,1.1855984,0.625924830009026,1710.7819988939439,13.120925,0.005398504
4410058473777585024,240.9243006714196,0.5991270878097505,0.8210820778984025,0.020198869,36.83446375327635,1.1852525,0.7517805,1.2774113,0.487567521540895,1712.4902274821468,11.384384,0.020009229
4689637956899105792,5.9190552532535845,-72.09999856807035,0.4975217097990588,0.043104377,-44.86598457171961,3.061495,0.6871519,1.3647743,0.7371138119138239,1701.2010891198577,13.598994,0.017931802
4690839555580194944,15.91876526035303,-70.85523676181163,0.5160770429346418,0.070853226,-46.238544183865024,2.4696975,0.56658554,1.2824562,0.5285586621244265,1700.3998214170072,15.397761,0.03640178
6799410181395384320,307.71800144099404,-27.771769953969518,0.2516119410172427,0.017388314,-32.92237374772351,1.0009426,0.6782503,1.2024323,0.7511922566022775,1719.251891444846,13.703933,0.0038132346
6799791677570515200,308.1974500135146,-26.55670682778868,0.36324319997502114,0.017393775,-32.9941832853499,1.0962899,0.6395683,1.1891143,0.713108667405782,1719.8518111874266,12.565385,0.0022843052
6800126375781155072,310.1414252391436,-25.675288270825025,0.3028150862973387,0.021149497,-34.418193231772925,1.5750918,0.65034676,1.2393943,0.4607855115912181,1720.8339935006647,13.061432,0.0080272285
6801568591440132224,313.63293723462004,-28.391995072206853,0.3444946464059631,0.047301084,-38.12695512637002,0.9478097,0.68700504,1.2059469,0.8652820715846804,1720.4447739213253,15.760145,0.0015856308
1337395748745748224,260.92294450941495,37.325289409792006,0.29463335337250374,0.01511323,32.74301632399613,1.5466374,0.5695448,1.1797099,0.4539650811518743,1722.431880721959,13.411804,0.010715956
1338388092349825280,258.2665802198266,35.978536706914504,0.7220255982362143,0.013732439,34.58382530732574,1.0546188,0.61693573,1.188396,0.4403407894976544,1721.9491276225383,11.404446,0.024025876
2853512332285518592,0.14834001156913762,26.663646299254673,0.31395549801346656,0.015683826,-34.83585656078209,1.2550089,0.6181488,1.1982046,0.5660672423438742,1689.788680533899,13.106702,0.011406793
2857456211775108480,5.9295062674226635,29.40092334447239,1.9614503407743744,0.028444847,-33.08261834246939,1.1994623,0.6527071,1.1721345,0.4422632279519936,1694.9134015500251,9.590169,0.0069287224
2737233514449351680,336.83975822025184,16.804480720839944,0.4050270200166399,0.027549313,-33.86708705646757,2.0915582,0.6381235,1.1973426,0.4967239087922752,1765.9174885128193,12.556005,0.027103445
3501078089240448256,188.00047637808186,-23.90500797626611,0.2800653990533089,0.01882058,38.75158718995064,1.3670131,0.6267214,1.204944,0.5368638453462437,1694.860933248667,13.233255,0.011316616
2740035546817737472,0.8382825824077131,3.3978053438340696,0.26961902184887093,0.026531722,-57.34296740891743,1.1521419,0.62035847,1.1834574,0.5790342418081602,1680.4474096584443,13.542007,0.0050941613
3504228735513593600,196.74361438387814,-23.12655078858259,0.3667269226665155,0.020602107,39.605252165682955,0.93424594,0.7716265,1.2039261,0.6525101133396454,1697.544520835087,12.817322,0.00070283184
3508065073317595520,199.37923605298954,-18.30340847857912,0.25109439100116987,0.027475746,44.130498690153054,1.3373475,0.6990051,1.2028327,0.5181892841074874,1698.0896705392581,13.661151,0.0074152183
3509420388901811072,195.22210735769178,-18.458949047881855,1.7760560001455332,0.015905418,44.35526795852026,1.0809671,0.91722584,1.221894,0.6031433721794525,1696.7432752826662,13.241402,0.011445416
2752696771104684672,4.452521207736646,9.88939304694774,0.6679080568652275,0.024033904,-52.094858914701284,1.2886853,1.0725842,1.2621479,0.7011270687841324,1686.2604888320736,12.034641,0.015469262
6839658934102421888,329.4053030636447,-14.382034135214452,0.25520647544730984,0.019814827,-47.65288436481723,1.0182194,0.6906729,1.1936852,0.8192368470065235,1757.3766160602256,13.390191,0.0047050426
6840097295644496768,328.5101024557117,-14.290624008480197,0.2698784271598978,0.024297062,-46.82640020070173,1.2253424,0.73689365,1.2156607,0.47840137981658887,1757.8153527768106,13.772115,0.019261522
6840317163610545152,327.8557249162165,-13.969699671635194,0.5059331880430091,0.01982397,-46.11578242365593,1.0792611,0.65802765,1.2003248,0.5777490755458484,1757.215963204638,12.284278,0.019104792
6841341225548628864,322.3047646257355,-15.684391409126066,0.2521255545181472,0.030869944,-41.88684588576594,1.3099054,0.8281803,1.2568867,0.5441253029224004,1756.27947058252,13.883934,0.013889522
4740914029517951616,42.0594505490311,-54.58709298145793,0.4033644607064348,0.012936077,-55.266012746936575,1.2312081,0.63317776,1.1824371,0.5819725892866715,1682.3697635523665,12.56318,0.0025376568
4749248976195291520,49.60586516331102,-49.600491262253826,0.3838940027120363,0.013276959,-54.041954506677975,1.4101989,0.5830841,1.2019604,0.6436990064674929,1721.5655415974472,12.335561,0.0068869838
4918121665731513728,3.925806196136382,-58.88359104113016,0.3463421039032165,0.017383737,-57.64234370497296,1.6540066,0.5810957,1.1736637,0.6253353085830393,1704.130621846815,13.054068,0.007193099
4926947617366538496,15.489031455624218,-54.06903300676032,0.28028304900189094,0.013832386,-62.989757121213074,1.4049191,0.6201811,1.1941931,0.5856316855377045,1701.66141023364,13.103931,0.0020369703
4929368054776557184,22.91941933729555,-49.95530116583476,0.40249780664768975,0.013623017,-65.90595410205881,1.1961972,0.48233032,1.1659819,0.46037747437047655,1670.690794221055,12.640605,0.02177647
4929394649214080896,23.052865305979083,-49.56127917865844,0.9498783168572459,0.026960813,-66.23620627138935,1.0017363,-0.3503685,1.1720667,0.4238946985416772,1671.039179886911,14.291341,0.001212142
3258862755748303872,61.703288179748796,1.848397507568533,0.2523070725391869,0.020990025,-34.799127561723346,1.0793394,1.1618185,1.2547168,0.6066033189795,1711.795153158588,14.248973,0.007269268
3259158764894232192,63.73905612340459,2.567905070606291,0.2617234904862761,0.025824191,-32.72085691054803,1.3272107,0.87046814,1.2109904,0.551426216056203,1712.4604734324475,14.065706,0.0073140454
3261574593802194304,51.16089083747472,-2.1591241459940504,0.3658294621297365,0.01884875,-45.652324209752585,1.2089013,0.5534859,1.1839157,0.41289204595045637,1710.3038981573131,12.44867,0.017997442
4461280391188698368,250.70212372096876,13.797641980178287,1.8906271196295732,0.093774766,34.66472277881987,1.0198913,0.6844673,1.2371349,0.547073576611685,1716.482008971041,17.82152,0.027236247
4465697399976758528,246.46256103313186,15.74611891080782,0.7506010051296103,0.024133168,39.1994863477433,1.733208,0.64176655,1.2237141,0.44240005198272375,1716.357371513258,11.692688,0.0032231836
4467433017738606080,247.6697715677847,18.366914563547137,1.0276650708268327,0.027154602,39.082650526739435,1.3434315,0.65815544,1.21279,0.4553577887127162,1716.8608516187817,10.621704,0.029687656
2694564113875193088,324.2216646613405,1.979491334509338,0.26347526820436895,0.019951222,-34.891032334272815,1.1194139,0.65383434,1.2021397,0.5980770367667226,1760.449915467779,13.442777,0.013904328
2697816774212075904,324.0350029002336,3.230356195567895,0.5784134549325343,0.0312305,-34.0083493524861,1.7550062,0.7279892,1.2672344,0.5357058279377395,1760.8429006898455,11.689206,0.008215901
2703128927202788608,337.9705599743861,2.6234511806307146,0.2501562462670638,0.024414644,-45.10386932424242,1.0467932,0.6900835,1.1684127,0.5360180704155971,1762.8713604230077,13.704693,0.040264655
4685938001521047680,13.523999947549981,-73.07180991391267,5.6540663041345764,1.0504732,-44.0550505556154,1.7652495,,,0.5798669917563489,1741.5871795275127,20.160454,0.038613368
3230309671428428928,68.4789852621431,-0.425523771392337,0.5114545624582741,0.020511104,-30.39353815857702,1.2144878,0.67338943,1.1849179,0.48768468447742486,1713.8428950298746,12.604479,0.003565227
2973463347160718976,74.07513302547652,-21.217494614876582,0.9696407111092121,0.016730132,-34.36877548911401,1.3318233,0.67457485,1.1854807,0.5814743157362106,1718.140924188473,10.537653,0.0064286995
2976126948438805760,73.40647545100023,-19.433626101104533,0.6854092190086406,0.023838982,-34.36036244627339,1.7387583,0.6388111,1.2595804,0.569911565868667,1717.7610950798728,11.391912,0.005419637
2976409694726394624,75.34975706609912,-18.825519250461365,0.3400814126531163,0.013694177,-32.42764902536526,1.1329298,0.66085243,1.1886289,0.5988300788498083,1717.9968114984483,12.818694,0.0032651555
2981136563934324224,72.4344758154515,-15.741222610825552,1.6971228889183259,0.022507401,-33.88318765653422,1.2765851,0.74702644,1.1804191,0.5872474406992689,1716.8298577149508,9.5637865,0.00286608
4658204847892843392,78.19897731977993,-69.62094092218875,1.7815638821107735,0.35581514,-33.831659890368506,2.1594427,0.573082,2.5442128,0.5877377714410681,1694.8703347385333,19.088223,0.036391404
4658205225849604608,78.10544752310179,-69.57993276829684,1.524705048717569,0.29170465,-33.87276755543374,1.5767994,0.51114655,1.675711,0.449517253649435,1695.0551271029701,19.269691,0.0716214
1373627921055813760,233.44713320463873,33.32786190241264,0.32654131020418026,0.011510673,54.611601927737134,1.1054642,0.63612556,1.1979369,0.7163219695134029,1717.3097464657574,12.589708,0.0013120228
1374971558625266432,232.66336598431212,35.7844805967207,0.7633250691467518,0.021410689,55.21349192270426,1.1084467,0.6238756,1.2121043,0.6223132451249176,1717.9347668678774,10.887861,0.039625872
1376147275855922176,235.79559536808483,36.89154356514172,0.3251834220866604,0.014032704,52.639983969503334,1.5375748,0.6487093,1.2019067,0.5119807248436065,1718.881955969905,13.009422,0.006069156
4658210826548170880,78.64634037554914,-69.49337088411683,2.0276039308573965,0.29351807,-33.707860997233915,1.3139915,0.5916195,1.391684,0.4868638439499862,1736.6959123278075,19.269655,0.04910115
1385159873885729024,241.46961439164247,43.02700853435894,0.8566321959371568,0.01695406,47.8428768924071,1.1040679,0.91900826,1.2236816,0.6034839027978512,1721.3784419637107,14.568553,0.004279448
1671132261176116480,208.14034354637994,64.64197894864037,4.093281430797789,0.8089501,51.23602549382641,1.1645415,1.6019669,2.3377702,0.6443477747686157,1772.2072028141304,20.55947,0.023192398
1672890075325959296,205.11171054633348,67.93426175571577,0.3107128944527897,0.018847065,48.53074128948862,2.30832,0.52890396,1.1719074,0.5037509917924096,1699.159495295328,13.137205,0.022457238
1677592858356166528,199.79507492232327,63.591599708124114,0.8451894507894945,0.011073681,53.25831687197357,0.93944764,0.645113,1.2066777,0.8072640950958395,1699.4790796758352,10.777765,0.0013581855
1683444631038133248,184.44394378045797,69.51058815782476,1.0509189963848422,0.018681904,47.333320980175976,1.0822198,0.6648245,1.1548458,0.5696724495477525,1701.607288997621,10.384668,0.007471019
826018285145444608,145.80740180623678,49.493732577641715,0.26887245863646175,0.015374325,47.77932709025023,1.2727411,0.6199789,1.1825918,0.5891183166376159,1713.8634110338778,13.124197,0.0073270663
855031751302381056,158.90907163491426,58.26361285686159,0.2714723699741769,0.016656637,50.90845530683399,1.5678574,0.6064625,1.1338575,0.5242552598269411,1708.936013399174,13.403732,0.0039138324
610579392683347968,134.543005310389,15.805133961864442,0.2707347255193475,0.028840195,35.027393130637456,1.7428646,0.61838627,1.1415387,0.5431654517348552,1755.3786846192777,13.109481,0.039020434
612591803903942016,145.76491255943233,10.316986615165561,0.2520948879159357,0.02697341,42.66908753796336,1.4976269,0.59751797,1.1646489,0.6738644622567614,1757.9187545914378,12.957764,0.013686431
625195333894472704,153.00031572602003,19.36666314511313,0.5383352901742686,0.02130915,52.72401980271744,1.2605711,0.580204,1.2171458,0.4828402132835735,1756.9885855807456,12.083069,0.008650661
6440923348688481024,298.04556820059736,-63.67364616972645,0.45083897888450536,0.016171532,-30.802648960746733,1.4717108,0.659255,1.2251216,0.4684489040750023,1707.4388472384135,12.354157,0.009958789
6441167573413315328,297.9253477177582,-62.73573690639107,0.3948962006602166,0.016770782,-30.75035424602145,1.3752736,0.63189983,1.213945,0.5514377614915403,1707.8064078056952,12.394245,0.013003335
4874812486829661312,73.3304980641752,-31.532464621467156,0.2870204634092496,0.013222525,-37.75930823776057,1.3835077,0.5536041,1.1945059,0.5489540971614444,1720.1821489891502,13.183592,0.008582279
4885364637359816064,62.95197023730903,-30.709358534435772,0.2509168957727895,0.010872035,-46.36639731213417,1.0020256,0.6227884,1.1945871,0.6890429750070483,1718.2130294824888,13.3604765,0.001363276
4890062816186045568,61.192158798226885,-26.717129355210737,0.3571058500765998,0.0139617445,-47.180932134978434,1.2663453,0.64061165,1.1943834,0.6026670708366093,1717.2498428758163,12.5299835,0.0035098242
3817504856970457984,170.8436733138869,6.6346286387559275,0.4482523640295588,0.01665443,60.72096372723795,1.2729404,0.6582289,1.2025118,0.5719755113180003,1666.3848072107285,12.380803,0.009719106
3826133514987430656,146.11518596434914,-3.6966545687130736,0.2522062339099075,0.022674423,35.39438121509023,1.6566705,0.64568996,1.1924063,0.6494648549720309,1761.031503961557,13.234365,0.005324918
6223312164847573376,218.1826877301528,-26.761407525012416,0.3240741834978037,0.020507397,30.86271354890055,1.5667942,0.6609974,1.1804044,0.4932406296914537,1703.374417012143,13.031994,0.037673455
1518851996671918208,187.28114128490782,34.647159397188055,0.36155024499438876,0.022170812,81.09055779921144,1.5265601,0.562006,1.1784623,0.5586126922917045,1668.5709541507804,12.515614,0.0043990016
1519628565414140160,188.98326253216382,37.20672993631299,0.3420349758650262,0.015410228,79.40377139145637,1.2096618,0.61860275,1.186303,0.6681391857609497,1668.1627918545605,12.577002,0.029470181
1520324178317374336,190.22917110604575,37.08519119950453,0.4413405619827071,0.023097496,79.79817423574539,1.8263539,0.6590338,1.1640403,0.44167037304435103,1669.9978177401713,12.83121,0.017022282
1528760799757778048,192.43903726223144,43.77351220755726,0.49778685696587593,0.024142027,73.35127725851342,1.6306905,0.57493496,1.2367525,0.653958099665738,1666.3191730193344,11.777665,0.007923891
1533880980593444352,187.61539190086637,40.50878363864734,0.4938142751362361,0.020669093,75.93538682394781,1.2981936,0.5959921,1.2341957,0.6977900318622091,1664.656055298063,11.982865,0.00413389
1540009731422069504,180.93569052916163,46.671583299722016,0.25261903303706035,0.018259866,68.31231880348328,1.3272892,0.56204987,1.1851559,0.5010249364085129,1749.7979793123031,13.34481,0.006213433
1543337472086128896,190.96775290133257,47.6417834877523,0.3961020583013578,0.017031595,69.43309900263985,1.246038,0.5931864,1.1703278,0.5625212692487214,1706.2966566350945,12.919646,0.002636783
1543912168771411584,187.40294037553528,47.82138942880284,0.4425091132083733,0.015728343,68.87215899476176,1.2677759,0.5856514,1.2112775,0.5636465859894908,1708.5347636556303,12.185069,0.0019879288
1546016672688675200,182.81067834805881,47.82875800196694,0.9940273454614617,0.018994704,67.86141534922282,1.1644883,0.66012096,1.2022736,0.5995815635250875,1712.6921657411356,10.794966,0.0010683865
6294751833349952384,208.68850805707027,-16.62681214504294,0.35519869452254116,0.022101797,43.627378689852414,1.1763569,0.66832924,1.2204511,0.5023479986990297,1701.7196019646144,12.932199,0.0133873075
6296953704168228480,214.1069748850768,-17.091401478492305,0.4124536504011045,0.015265845,41.211855575821154,1.204202,0.6637926,1.2009921,0.5652653958694629,1703.004153174137,12.491293,0.029906495
6299235710487601024,217.26846604247456,-14.396211897902946,0.3911275405344952,0.022350557,42.19240985789098,1.2895173,0.6908512,1.1873789,0.5218463411567462,1704.045656948919,12.925681,0.030605149
6302556235603237248,210.67439269612956,-13.240052296291386,0.2952473606249085,0.023155183,46.08387900714097,1.2677269,0.6442976,1.1773403,0.5199555945437774,1702.1768308986175,13.350447,0.02229715
6305049820600425216,225.13376584843724,-19.21467671844496,0.2860123586631975,0.019035643,34.09029514486309,1.0505204,0.71751785,1.1923888,0.8684740334445208,1704.6246308984341,12.859529,0.0040551545
1128892025875621504,177.2941881206085,78.00480568291721,2.8558537047900656,0.45292816,38.624207016718294,1.1819177,1.3308544,2.369207,0.5897034742593598,1700.610414324286,19.746273,0.042626366
1133454140138001664,174.0459344565476,81.29328425643389,1.7444174575797993,0.016809653,35.32787871939692,0.9030657,0.6443405,1.1916939,0.6214454925771339,1700.3685960999517,9.499035,0.0034157257
933060243235054336,121.08982698059653,48.346740396789855,0.28890542919103335,0.01535596,31.71857406604855,1.2639287,0.6077728,1.1666174,0.5753669237867073,1711.897375994311,13.311664,0.012684382
4395886799690148480,235.08317459246467,-8.362259229497004,0.2630924944511356,0.042971767,35.855195704602174,1.5401443,0.75694275,1.1294684,0.6417294002261454,1709.2616474129966,14.637565,0.01090407
4396901270963519232,235.74330337430612,-6.823162732093199,0.2630707473871708,0.024656545,36.39392278088182,1.4173399,0.7986851,1.2073783,0.4810482733001658,1710.2122113459125,13.822261,0.013095058
4397137081845673216,234.44509782252328,-6.717830806016828,0.3021504496195051,0.016847644,37.42832061505938,1.2710992,0.60686874,1.2012848,0.4554221571853163,1824.4248826110668,13.456847,0.028231056
4397250400267498496,236.856590363889,-6.519747221494982,0.2901881848201686,0.022968266,35.754931737260705,1.2492158,0.8372841,1.1957148,0.756976981005538,1709.7193761304356,13.596984,0.0018532653
4398582699121804672,241.20499355385323,-4.518030935913463,0.31389758034982373,0.022694407,33.625475219689754,1.1122987,1.0233536,1.225099,0.5913274441215802,1711.530199369792,13.262292,0.008028998
4399013570240298112,237.84288186682127,-4.993771280854224,0.26014032591919395,0.03045498,35.973938190512655,1.2673434,0.8936024,1.195684,0.5257948980007054,1732.1723882562976,14.468238,0.0061478354
4705269305654137728,13.722443824474775,-66.70802016414046,0.28862854290091483,0.014340932,-50.41664058042549,1.2554677,0.61223984,1.1928637,0.6025741118912269,1700.4939022406522,12.773446,0.010842482
4709830423483623808,14.54050487410837,-63.39574167447468,0.5963240502728492,0.013279938,-53.71589808063755,0.9768052,0.587945,1.2960883,0.6422315699859367,1700.7525763204624,11.342646,0.008443736
4710156463040888192,12.502628994705104,-62.63541126730269,0.5793553968558159,0.014052167,-54.492056028026546,1.4212054,0.676363,1.2109624,0.41453234386702775,1701.5719104072873,12.049159,0.04477314
4710219135204091136,15.725074740006361,-62.96869095688911,5.404719127030951,0.9614994,-54.110096750836,2.3885496,2.2317886,2.1328306,0.5916809899363102,1700.6518958459494,19.992384,0.02925994
4717044869029445632,22.72585398542176,-59.584581966265866,0.3712410803496562,0.015693998,-56.83899560664785,1.5243273,0.6891813,1.2078938,0.5378993402878756,1699.5785489225204,12.887103,0.0064598965
4860671839583430912,52.593319299562786,-36.053781601422266,0.8433375167902104,0.014611945,-55.255002057841864,0.96768695,0.62408066,1.2223762,0.6053487585536576,1717.8225060200853,10.992609,0.0030771303
4867209260843978496,71.41945971806614,-34.97888335653533,0.26798090751039927,0.011775377,-39.92401159250146,1.092811,0.64672565,1.1895466,0.6585666401802022,1720.026986896903,13.110414,0.0026062701
4869005691045385472,66.66688983011623,-36.31009873259565,0.3699708339594814,0.013757115,-43.908218126578475,1.2752641,0.6408329,1.1612487,0.6312565280881484,1720.3433644828654,12.804981,0.0065775444
4869362654366872320,65.31410890205967,-35.303912368761694,0.345919143003263,0.018313386,-44.920860691672395,1.7250721,0.5676794,1.1953748,0.662738192515792,1719.639355118,12.750467,0.014186273
6182771968540082176,198.2540000092315,-29.4255162220935,0.30644116044761766,0.025883412,33.210800293965974,1.5980281,0.6664829,1.1857157,0.700973864652181,1698.0986878461013,13.044285,0.0058171414
6483680332235888896,317.8741319989616,-45.074928564218354,1.479756506257155,0.01912099,-43.115483711508375,0.999787,0.65759563,1.1710345,0.4795995570951304,1715.1536833466228,9.864342,0.019569146
4758746729436076544,87.88545777504582,-60.69212072899517,0.36120606379644005,0.014521942,-30.676006247771646,1.2978662,0.6306019,1.2290661,0.44104162791637214,1734.7992567083645,13.375355,0.014046629
1282118729371386880,222.90646377660127,29.35739753384925,0.5043013524944492,0.029332008,63.50863845999553,1.8539165,0.6137123,1.2177304,0.5813939613508771,1714.2329005551783,11.811758,0.0029305222
1286188056265485952,218.38841468857987,31.75461245140624,1.3259296438357235,0.01847041,67.34741753826054,1.1985714,0.6081314,1.1786319,0.3773435406505344,1714.0945858876858,10.341787,0.022272602
1286777360140494080,220.8364622270442,33.150996452168805,0.27310265213852486,0.014425175,65.14874881698942,1.3373293,0.59419155,1.2054793,0.6034433016760637,1714.487288601996,13.177731,0.008656809
1287947790267071488,219.47372189799665,34.99002455182474,0.2517794996858835,0.013354894,65.97178312590015,1.3089297,0.6385813,1.1613854,0.5643325904187388,1715.1034729133,13.250468,0.0035571458
1290953133502546176,229.27186547779334,35.115538758496825,0.43228079909162587,0.016906958,58.012889718721055,1.5371423,0.5496044,1.2125212,0.456937330318505,1717.2989947815126,12.222404,0.007470563
4652142999800969728,78.95373896842759,-69.96246566280819,1.6222570936112604,0.2845027,-33.50122490428449,1.3166138,0.7683029,1.6801561,0.5575497091782534,1694.88715738899,19.304226,0.02124634
3762382417764062592,161.67412222602348,-8.375763647040927,0.529997125072497,0.025803091,43.38050537242418,1.1992731,0.549386,1.2353212,0.4228183679056451,1765.5837350618756,12.013282,0.03943528
3765574712337027456,153.35050868016697,-13.138252752372075,1.0008034156457375,0.01567152,34.404293346546076,1.091896,0.64532566,1.2123071,0.5377237970118451,1764.1800307905519,10.80758,0.024956446
3776872507845144960,162.00206131027056,-5.5090852410802835,0.30888088939759223,0.019133387,45.78285563823193,1.497478,0.5953388,1.1847416,0.6045700508633605,1764.3831278364328,13.055671,0.019191803
3575323539619668608,179.97403221575595,-11.607852508371108,0.46038760082167324,0.024266368,49.295476888889745,1.3563784,0.55899906,1.1797945,0.4650670380395007,1682.91899579531,12.438429,0.0064764633
4657061596345046400,85.06539216829958,-70.89731672021588,5.036786003752072,0.8753101,-31.324363831588748,2.13783,,,0.46128519346164365,1695.0781359177488,19.486917,0.05424506
3583739339056745472,187.02183981161184,-5.998867529635916,0.2663445890281725,0.016928988,56.394700094124985,1.1366913,0.57554626,1.1771418,0.5063178522637277,1687.4698925961088,13.421204,0.027486932
4652488727438230144,70.12580649033954,-73.43822924630992,0.29452024816461836,0.017231066,-35.04680694513713,1.5906737,0.6741524,1.1674292,0.5371287326541329,1695.9835410779936,13.304063,0.017726643
4893760611229746560,72.00433661378652,-25.523779213936646,0.37739255571189034,0.017883796,-37.47232489359723,1.7191597,0.6563778,1.2353652,0.5487807537555817,1718.9988046068925,12.994297,0.004072486
4901523644356924288,3.868221739820227,-62.64524045955625,0.3065853827180795,0.015206014,-53.99037136995885,1.4784557,0.5811119,1.1574981,0.516023701974586,1703.2639131911037,13.133743,0.018901356
4909049247397367552,18.77785874684262,-59.34252514454457,0.26965288408246313,0.014818238,-57.52667240098742,1.7179314,0.6537895,1.1996058,0.45675835194742104,1700.5585818497013,13.144005,0.019706126
856816808430505856,164.53103599754138,56.11906579931455,0.6996717785728512,0.025952836,54.61511039334226,1.7037401,0.63271713,1.2142338,0.627306721280143,1709.103431390197,11.239758,0.0012553706
863983115982280448,171.73868230239532,63.94038039122314,0.3893410534098707,0.017895611,50.745212442660026,1.3159089,0.5664129,1.1480619,0.571825454511598,1704.4091614430763,12.780164,0.0026128665
4662161543577035136,73.61060268956102,-66.43693767140822,0.4855953243342922,0.01247523,-36.28482702973358,1.1788045,0.6675892,1.1869354,0.6088523083174072,1668.092802101689,12.42655,0.0019429255
1080581065498778496,179.67365169112543,77.43979976779471,0.2698653509065462,0.011432525,39.309565384875384,1.1026483,0.716465,1.2067131,0.6031240141510674,1700.8600662563501,13.348608,0.0072345226
4631934555845355136,22.801291717138454,-78.4857149346604,0.4267859474240695,0.013114351,-38.44710733814857,1.2269349,0.70715237,1.1835121,0.5557925649582729,1699.7501698600074,12.586699,0.012354608
4815928553920831104,68.81854811265322,-41.209368687340074,0.3251624973343195,0.011450103,-42.4703631457215,1.1764106,0.6471567,1.1958154,0.6410516898087044,1721.7854348860913,13.035806,0.0036068994
4817314007291679872,75.40697290857524,-39.13489865269663,0.36599864700294915,0.014430523,-37.304054354049924,1.1962178,0.5870943,1.1578871,0.5709121537348063,1733.6649035788116,12.787858,0.0094332155
4818348922610995200,73.31013128564842,-37.82104964575317,0.5662352319474976,0.012791925,-38.77932197881913,1.3394846,0.5696001,1.2356771,0.4197837104976189,1722.0092278982986,12.090073,0.022497796
4818854972838127360,78.78263104301416,-41.62814710343598,0.9760060499976488,0.015819827,-35.05061453017773,1.1869383,0.64524555,1.1683195,0.47886233139927975,1723.0122894766532,10.826321,0.018203614
4819197470712839168,78.51548105826373,-40.05156807995704,0.34193166178860535,0.066622384,-35.04628868771864,1.7097408,0.5371189,2.142273,0.5231948014842379,1722.8054490650095,16.02813,0.012075983
4823598467862667264,76.13496816781927,-36.983346208210996,0.9630741571320204,0.064910665,-36.44271967424926,2.0373595,1.0763226,2.3393123,0.5079237059878117,1721.6905132612126,15.771304,0.021421157
4825302302864705152,76.9460184193705,-33.865190654535574,0.446199474983839,0.011706811,-35.24307783436776,1.2239861,0.54812145,1.1907778,0.48735011755838525,1733.0371060674886,12.472455,0.014749657
4825614564167382784,78.79908170397987,-35.39323454157669,0.37017042293694435,0.0132391825,-34.04825565262654,1.165975,0.5732527,1.1788179,0.4822757129168004,1721.9185957295524,12.84597,0.027414756
6895460974573984256,317.79638438728966,-10.416533944949952,0.32783631348385894,0.018324587,-35.712369965378926,1.2150916,0.7810669,1.2343334,0.5698238325509456,1756.8346258853003,13.349263,0.009179232
6897755139944897024,320.9535318415497,-7.534829417209822,0.40899239653671754,0.014616535,-37.1665047946427,0.9615407,0.7422762,1.2094376,0.7974644771111681,1785.7236504694088,12.492268,0.0074693006
1444657952757541888,203.66326889871263,24.277185606105334,0.3513232651181538,0.01754403,79.86051131386431,1.0932558,0.47198105,1.1768392,0.4879093130778336,1690.6966647835895,12.649028,5.0725208e-05
1454485456405891712,209.88813313511878,31.6511187575106,0.44670431637482133,0.017489202,74.508717447999,1.2273829,0.6121721,1.2479445,0.5732541315485346,1692.6527425630322,11.853568,0.014283115
1454784317416135424,205.55103452728758,28.370888921203864,0.7596613608766891,0.1085253,78.70492374274961,2.9846215,0.66024876,3.1302114,0.6345996056838703,1689.840228719114,15.521023,0.011588742
1454784592288943360,205.53986817680297,28.38780719114145,0.8210148928048522,0.15684056,78.71373675040265,3.2105002,0.6935091,2.0810754,0.6171799905832376,1689.5043832601839,15.541033,0.0055790422
1454878252642441728,205.55821874954475,28.396495808468174,0.46612875848958535,0.07648521,78.6971024662538,2.0896473,0.5928278,1.3745383,0.5807257408810124,1689.9886260642206,15.462251,0.00341008
6521271603997336832,359.0907355039716,-53.48948440428307,0.3178320963881236,0.013980959,-61.73857520193375,1.1116008,0.51989746,1.1704402,0.5668018631246386,1708.188539450123,12.823881,3.7006037e-05
6526559499016401408,352.1313482341532,-47.45368284790303,0.5236903819384381,0.019740079,-63.99825708399219,1.4403024,0.61660576,1.2270402,0.5964093613542616,1718.3130680457919,11.808898,0.002065684
6526839462163012352,350.69425679564057,-46.69239234020341,0.38989435144438417,0.018913668,-63.78650341691197,1.5191362,0.58010197,1.2023425,0.5532157078638996,1749.9869276170762,12.410646,0.0040784446
6529376963198996352,349.2000169083485,-45.64871739762613,0.3052813114211514,0.017547283,-63.626384236310265,1.0874926,0.63776875,1.1873931,0.8948880575981843,1749.151848894081,12.983314,0.001743961
6535970906228369024,350.5751671784546,-42.09014420565958,0.2654853288253178,0.02384276,-66.45848724969817,1.3092111,0.6730671,1.1920995,0.6369382947903461,1750.9460768702281,12.786058,0.017760929
6536023029951556480,350.92761606740834,-41.95677424956866,8.793414882280812,0.015182853,-66.75097479278197,1.1043857,1.4948235,1.2785474,0.4425279534015664,1751.7026223851028,12.481678,0.009468861
6538801220956979328,354.2359291546466,-37.37218150876247,0.25221393616606164,0.022527987,-71.26679202128524,1.529134,0.50220966,1.1862683,0.4949567514097847,1753.1436420945467,13.111809,0.018179478
6232641997749541888,225.661900461412,-20.73000378032649,0.4097408935553564,0.027784275,32.56394593721653,1.4560753,0.74784565,1.2293526,0.4953747117821843,1705.9619762511732,13.142302,0.038639624
1458363365199561088,206.2622880768263,32.654641736329964,0.6234817261760451,0.022636905,77.14699771760863,1.4956498,0.58067226,1.2413895,0.5674234935419348,1687.9602795517567,11.482182,0.0052494905
1009665142487836032,135.781920123629,44.585400063429624,1.4506562774363347,0.016003644,41.65082689024392,0.8609766,0.6998577,1.1946051,0.5974431312604158,1714.5922222561935,9.750573,0.003798035
1015847146615237632,134.28057923954145,49.150871572123776,0.30114099994663307,0.019342098,40.42046153646022,1.5392923,0.5804033,1.1819285,0.5485143192009885,1713.0845654312634,13.110027,0.029074611
1465883234457827968,193.58955029544532,32.242627502992924,0.27504969639924004,0.020548884,84.84649572652471,1.420371,0.693861,1.1502626,0.513458928633769,1675.9256389788295,13.514485,0.0033028321
1481133009762718720,216.89540016078342,36.04568546191497,0.4136522039601346,0.014203875,67.74638180740415,1.3858162,0.5769167,1.1907829,0.513560990665129,1714.993749509615,12.362655,0.0056223017
1483653713185923072,211.6164824611361,37.828106481864815,1.0885662728679646,0.01846916,70.95798776892319,1.219641,0.65653896,1.1845328,0.5517562839113127,1690.075667500349,10.445061,0.002465717
1487584432894493056,218.52644992026828,39.109103023219745,0.2866106822340264,0.013485258,65.51572513189096,1.2101991,0.611496,1.1697572,0.5814499385643677,1716.5538133845482,13.072292,0.0031364765
2458486357367687680,22.201144465755945,-11.453585601605454,0.31250165869063257,0.02332799,-72.03466096401253,1.4558214,0.54078674,1.173205,0.5165943921833621,1698.6692629351726,13.121852,0.008497872
3529882991785403904,191.06788731851617,-12.051936569693472,0.3556041063879088,0.02035605,50.78124224650273,1.1296431,0.6504822,1.183274,0.6811662808041511,1693.1779990405114,12.465266,0.0036331022
3528655352692932224,190.92790990391669,-13.85370830419772,0.30167426268930597,0.019435462,48.975165332032134,1.3142914,0.66111183,1.2107552,0.5860653295853531,1694.0710017960675,13.163637,0.0013549468
1325838056176386688,247.12345523854202,33.50791302338276,3.2496903585132593,0.61119956,43.2466383160984,1.021403,1.5898533,1.8893036,0.655050235212984,1719.0624841811948,20.389992,0.047897197
1326205915830514176,247.77970108102073,34.66472840999442,0.38502780563626615,0.010354364,42.847526417941026,0.95991397,0.6532345,1.1892639,0.6156468861074962,1720.0851890122674,12.830977,0.00056105363
3534005919872722560,172.124126556878,-24.49414020780973,0.2877480676731168,0.019931147,34.637425938520416,1.3311397,0.64490986,1.1826693,0.6782666757236908,1681.1333171353792,12.909618,0.003572899
1327053639295450880,252.65925201131168,35.45142837677679,0.35035129797199077,0.011582783,38.98845235080327,1.2275965,0.5881376,1.2095195,0.6238445081950289,1720.9150977801605,12.479683,0.0049203373
3535005066704438400,171.8255040655902,-23.179651681763215,0.2764509009396271,0.027066233,35.74274753967232,1.1893371,0.6062498,1.1679568,0.4943116797350597,1680.9151964326193,14.116535,0.013663045
1328420091730603392,249.57519641204985,37.801397102883534,0.3768467420159504,0.013289609,41.7133602511092,1.310657,0.55806255,1.1647419,0.5241561315886937,1734.9275061689339,12.627021,0.02354714
3535960301790560896,166.98385889954912,-25.53515540364588,0.36311289210700426,0.017616201,31.73457066245514,1.2262237,0.68145084,1.1881016,0.6515112956482857,1676.912485332475,12.949252,0.008144856
97876875839666944,30.017073876108157,22.796902870574023,5.638574582020126,0.89908886,-37.39269451892975,1.1012533,2.875082,1.8416463,0.5416557390494826,1701.4686680419968,20.251863,0.11698616
2821132676920885760,355.49485424477285,18.217059857951032,0.42982331838151416,0.017288158,-41.628948284310034,1.1883855,0.7174406,1.1846014,0.5296655608742036,1681.6854146706103,12.523619,0.00846884
2828497068363486720,343.25420796443825,15.787664627676227,1.1510707986858313,0.022599362,-38.356192871487025,1.2180079,0.74999905,1.1866246,0.6409719846467077,1668.7028432797335,10.311325,0.011167458
2830888952830833408,344.75243300873007,18.2650520773354,0.265844238603485,0.017114233,-37.053975817919955,1.1643329,0.73064137,1.1962607,0.653699620599879,1671.062930743769,13.615856,0.0022689996
2831329818338132864,347.9984909596705,19.74160638275766,0.44733279291983036,0.013749386,-37.30302954777278,1.0250943,0.89009094,1.1981398,0.6902792669063346,1674.5537647480646,12.532014,0.0040005883
3493152740707921664,182.03925945705072,-22.611624026807156,0.5536350908269694,0.01831571,39.172116486235296,1.1790842,0.6651144,1.211292,0.5482585804470796,1689.8160097297,12.015611,0.001057344
3495090320714191872,190.74222319247394,-28.93489988767363,0.3693263666922689,0.04536132,33.90013614214913,2.56268,0.70691967,1.2063748,0.5912139875918461,1696.1049437756635,13.626483,0.03430574
3498218293856151040,193.21974526120258,-25.310610766662688,0.2841712532569545,0.020133821,37.559989675156444,1.2203662,0.6649847,1.1848277,0.5199373961704529,1696.4185091325753,13.331527,0.031233521
3499342510135903360,188.91646778861508,-26.661485671525174,0.344981581423728,0.024990965,36.0766879025352,1.110738,0.6606798,1.1955912,0.5773626295853721,1695.0057295073827,12.913376,0.00955353
3499611306368945536,187.62691607624902,-26.047463393809014,1.1324287361512402,0.027498433,36.586153233325106,1.5606443,0.7116995,1.1814256,0.4785250366071769,1695.033300159577,10.4364395,0.009580517
3500982156850488320,187.0047573832577,-23.474255502493396,0.25654733056530904,0.013724898,39.082483142102845,0.9857894,0.57273006,1.199357,0.4848214646895575,1694.744045776888,13.2422695,7.163389e-05
2368927321354296704,11.275547673280542,-18.90430495865462,0.402230818208526,0.021828916,-81.64817839074524,1.2655182,0.6283722,1.1933366,0.4969982627457604,1680.938800155429,12.643997,0.030046582
2371321782802181888,15.16803562894356,-15.95777516007646,0.5385766013997846,0.026100518,-78.62595974850451,1.2513387,0.5475664,1.2521703,0.586280327460495,1685.6960391253856,11.556048,0.014294331
2371612431829029120,14.62232284356327,-15.146759842518973,0.25497267375422034,0.020162718,-77.90680799287264,1.523948,0.6116886,1.1894895,0.517144942304873,1685.6368951608001,13.45057,0.015761465
2373827054405627904,8.40937989793809,-15.487708369049122,0.7319944082722767,0.03029131,-77.64673105896019,1.3347535,0.58139133,1.2215544,0.5736948072529161,1679.3016515606162,11.33197,0.019815378
2375206597900867584,8.490791613732636,-13.522026477763681,0.27117027370744207,0.03545359,-75.79438346222804,2.1527433,0.621191,1.2782732,0.43724162560624347,1681.0334971511627,13.324057,0.03936272
2381771781829913984,349.8219001647568,-24.216408074508234,0.7408204284228178,0.019483019,-69.06345702476754,0.9508931,0.60490894,1.1981767,0.6337372360179527,1757.5587398114487,11.078028,0.007951085
2386994187184331648,354.23725489369957,-23.90384302920929,5.829788505528566,0.5492962,-72.9048468860546,1.0944543,2.5778103,1.7594522,0.5362799317423529,1758.639916755039,19.90331,0.022102173
6676983169413100544,311.5885606309728,-43.105364174082425,0.2902158138270462,0.027555455,-38.60305083088374,1.2250744,0.6063137,1.1836103,0.5532527624360853,1715.272644359983,13.974021,0.00549113
6680420204104678272,305.1854823049946,-41.11846211218111,0.7107319992698505,0.020954058,-33.68042046324062,0.9029107,0.58606243,1.2504143,0.5528904711028937,1715.324970822269,11.306438,0.052967545
6680643271823165056,306.7639575343449,-40.670702799343786,0.31182049378756793,0.022331787,-34.79900481958149,1.5756881,0.5563221,1.190327,0.489732278481277,1715.2983475821975,13.193033,0.011221163
6681944303315818624,310.29191005526985,-39.138149386600595,0.3195220795588711,0.025704628,-37.288980084331335,1.731697,0.589098,1.181435,0.5223059563545744,1716.1418713730825,13.35206,0.0128353415
6369492270120656128,312.9768188913647,-74.75284881560677,0.2632070108639001,0.021625653,-33.87439794606987,1.3138295,0.57997036,1.1794215,0.5082729813484052,1704.1627022953342,13.6975975,0.033230897
6369893832382563456,315.7178935326905,-74.32872095249061,0.26318934435131963,0.012635029,-34.71307441307423,1.0676793,0.7375822,1.1968004,0.6574948872747055,1703.4229826111707,13.428629,0.006074131
6353053196895087488,357.63570179437835,-78.68247398303046,0.38715430053532085,0.01590222,-37.998771973622,1.5659297,0.71740246,1.1854581,0.567729881766618,1701.0629081759937,12.954559,0.004811704
6353834296827478912,339.1806084765649,-78.12100078306989,0.3733449411910008,0.014729911,-36.774714950406754,1.1977557,0.885273,1.1978012,0.6390662303517776,1701.7081004935264,12.912873,0.0053200996
6354668585635029248,326.1590374378477,-80.56227520159106,0.8633566463905676,0.015405925,-33.35992672192605,1.2046494,0.8088522,1.2574469,0.4444865364607141,1702.2111788111115,11.71079,0.0059394883
6356371763506469632,324.03877113737104,-77.30388817276383,0.50520735165224,0.014845931,-35.00320285839928,1.4418885,0.69608784,1.2604407,0.563464271626003,1702.7051673955425,11.931279,0.017800625
6307181949741160448,224.93738513766564,-15.27079089633149,0.3445370656720195,0.0198157,37.400795116255345,1.3703854,0.7494459,1.2180543,0.596306500130145,1705.9846197570082,12.86301,0.024395805
6308159961037880576,228.32057353141613,-14.765599111777167,0.5776470128507252,0.015447266,35.78537879082118,1.1280485,0.80440617,1.21152,0.6130480707039867,1706.8280053539872,12.148589,0.010187618
6308274516406560128,228.49281992670197,-13.981318724754878,0.5840726133774328,0.021954807,36.28134078391969,1.3139127,0.701149,1.3483803,0.5776674894165575,1707.0256653404006,12.188899,0.011790075
6310107372225494784,223.5686824298312,-15.622071776367653,0.35179808619933073,0.016907668,37.88845963525012,1.412988,0.7016287,1.192438,0.5326404151148636,1705.6728557757838,13.006704,0.03953753
6492356127518044800,347.75242072242247,-58.335449261400115,0.45306529591917016,0.01597353,-54.209124402390344,1.3265641,0.67156696,1.2188401,0.6348978913412479,1707.4266782973232,11.878851,0.01285197
6504972134389792128,338.6116112123693,-56.59037613280444,0.3185321713857957,0.013275264,-51.78660089721833,1.1803521,0.63860416,1.185193,0.6150039987296825,1709.6847508545286,13.150945,0.0077984966
6805385580414323968,312.0321387280564,-25.582736375362607,0.266196480427649,0.016459862,-36.028548209304354,1.272684,0.6308279,1.1833032,0.4975115222111705,1721.645715456078,13.485037,0.0065910458
6805869292514475264,312.7000180321297,-24.606225515249577,0.40908510238079043,0.01862403,-36.334260168485244,1.1942506,0.65352917,1.1843498,0.6536025878325815,1721.5170335061187,12.577658,0.0075748106
6808646899403880832,313.3121967266808,-22.068231622590343,0.37804913718001704,0.0213467,-36.110277673543806,1.3108939,0.70704937,1.1941693,0.5021145923090149,1722.8962288170574,13.3693,0.037414566
6808881580712973568,315.0185475804255,-21.889138674430143,0.2979733246277141,0.025343988,-37.55769337381689,1.1285086,0.718462,1.1938462,0.623962088580774,1723.2842755683157,12.85306,0.005576125
6808906384147979904,314.98970493173675,-21.659752589882427,2.2318487936688887,0.13959694,-37.46059446552954,0.9723103,0.3490448,1.2018143,0.5362320400743122,1723.2577501877513,17.667646,0.019133305
4672117758766686720,52.08425703145396,-64.97715278460652,0.46814146876789015,0.023392027,-44.813974174522826,2.298191,0.5733614,1.1733372,0.47662287597775327,1665.7124437819423,12.73225,6.060362e-05
4672142016741937152,51.3341448612881,-65.05507402805344,0.6275352196980162,0.014386898,-45.01579893650833,1.3843907,0.60680676,1.2145203,0.4919801990944291,1665.045281844853,11.685073,0.038845055
2603947377740412800,343.53444440855657,-12.36066589940608,0.4047217856412915,0.01984284,-58.82212346810566,1.3594387,0.64747524,1.2376559,0.694041451256924,1760.3721751404366,12.029035,0.031808197
2608819623000543744,339.0161276082537,-10.0153150409817,0.3675674552555637,0.024744792,-53.82596933798665,1.3912154,0.7319107,1.1821487,0.6088654378416473,1759.836177320838,12.799852,0.029950952
2614698131854262272,333.6274060063042,-10.929507769781674,0.4168072923179133,0.02328518,-49.75837880720302,1.3250127,0.6272001,1.2100781,0.5519372722370169,1783.4379467333554,12.563782,0.016178528
1617474895444390400,222.93601859178972,60.06902781106285,0.6208852035949695,0.0151427435,51.20957568835293,1.0867876,0.6054306,1.2355808,0.5886645546923096,1671.9144795697625,11.540699,0.009001258
1622631982935222272,240.94569410366134,57.69657152391143,0.25251283031301947,0.012540223,44.67831287558508,1.2589481,0.61580276,1.1539774,0.5637555492302729,1737.8271563728867,13.430575,0.005820527
4658145092114070144,79.68425648450537,-69.75499213529687,1.3721307769727418,0.2702458,-33.299298795013634,1.1506948,0.6143017,1.2371098,0.7323468263862094,1694.0557099390032,19.032654,0.025724396
2676230131143419136,333.25525826797707,-1.7280497036924218,0.3464713305858767,0.022085842,-44.35840054297974,1.0817152,0.7433615,1.1965048,0.5882239414693226,1760.8522727539114,12.713963,0.008424459
2677321675607428352,331.5301081966246,-0.771135803373559,0.25184021725087796,0.020764815,-42.406893582995316,1.057285,0.7673292,1.1713765,0.5833727572919547,1761.382961843148,13.867651,0.01045619
2681514079084483456,330.1378171789376,1.1242596163818548,0.27027131654094316,0.023048116,-40.14801107364162,1.287674,0.7237272,1.2436476,0.473871016889912,1761.5046299269536,13.782071,0.02757463
2683960526815908224,330.6546105831464,3.704436484846729,0.35392871785418767,0.024961995,-38.933508900634536,1.4415824,0.6815605,1.2035598,0.5495871118154523,1762.1221009583128,12.982664,0.051829487
3275195623020439424,54.174466007558095,5.361443080931874,0.6793566684595715,0.026196435,-38.53053505887752,1.7722627,0.8825674,1.2266177,0.3699170670798115,1709.8480614466448,12.403063,0.008083931
4972298520643889536,1.2129268261993067,-52.90424449125043,0.25685346932492525,0.017455583,-62.804122412309475,1.0681624,0.6324005,1.1829914,0.589357715641787,1707.5168822265928,13.717072,0.0019117935
4982010850448460160,17.456194776833915,-44.314851710506886,0.29846906523214584,0.013651842,-72.42057973370667,1.3147507,0.552557,1.1909069,0.48439538390135284,1670.902748732896,13.141916,0.011924206
4984655725669340544,17.493242657004046,-42.128869277185224,0.37781206603604417,0.015636956,-74.52900695093193,1.1098237,0.62323856,1.1870776,0.6156013117913836,1672.5184927004073,12.759762,0.00085383316
4985455998336183168,19.56251278271808,-39.21262508529869,0.8790500477619054,0.033763018,-76.68703898355254,1.7374188,0.61037254,1.2458789,0.510914610029795,1676.802130294267,10.963006,0.009476109
4985570416265108864,12.297842030909138,-44.15181775884545,10.582936515876572,1.2348022,-72.9704292547932,1.9036288,3.10499,3.3831377,0.6877083703224305,1666.1855330645403,19.598467,0.10276591
4657152202971640960,85.8080303592589,-70.6345326313306,5.801694851193105,0.9227261,-31.11260187187254,1.3960168,,,0.5352952951601023,1770.9243663344023,19.948526,0.057200182
3675137235252376960,192.01874592054367,-8.346551433875483,0.5023581581779739,0.017636081,54.515840617167385,1.0323833,0.59751606,1.1902403,0.510526854540831,1692.9711260160987,12.369876,0.0158123
3677686044939929728,193.79365579908344,-5.459078083014313,0.7578978091919891,0.040084995,57.40014694275447,1.2828733,0.6197014,1.2218065,0.5257740089731356,1693.845222249409,11.188028,0.03436148
3683135052768556160,189.1138556186736,-2.4257611625737496,0.49931847255054096,0.018070275,60.226097484238196,0.9880937,0.6530876,1.1953576,0.6370558117646882,1687.6500043341782,11.996018,0.0045827636
3686046284680810752,195.98082909028878,-0.8060817941252114,0.2661695376482729,0.018167399,61.90462402986873,1.2776464,0.65627956,1.1710074,0.5722523297645952,1693.8138192867534,13.195672,0.012281907
3687514270142846208,199.5729072345029,0.07350456922433504,0.30851209381313865,0.017162213,62.18636253489549,1.0770428,0.6604271,1.190784,0.6380610840239491,1696.9860960283013,13.501861,0.0009252761
3688390031154287360,199.56337061021145,1.7929592120597468,0.2572447681480494,0.027932856,63.86218694368405,1.1104497,0.6435938,1.1776948,0.45680935827042457,1697.1484184338005,14.141785,0.06615393
630421935431871232,151.93101079342685,23.991710403537397,1.0518950277274226,0.024827056,53.10361912416975,1.1240343,0.61059093,1.2010312,0.4524054291366671,1755.811431606304,10.6458025,0.015462176
632467228922479104,141.32105353151945,18.631884209898868,0.2755567391321881,0.026649307,42.084993964254465,1.5576671,0.7139101,1.178876,0.5937131297102264,1755.5316489461686,13.245501,0.0045004273
648476397396238976,145.86990336610856,29.45377819377066,0.49866765663757956,0.020715533,48.83708779104214,1.1812621,0.6017437,1.2140125,0.5907118578037602,1753.5247193481841,12.030563,0.0039986777
3717352885416905984,200.5881071358682,5.88629877641593,0.4726663845615311,0.019772055,67.52057071088163,1.2952046,0.6466875,1.2427908,0.5645317079692876,1696.8307143461475,11.981783,0.05600923
3719179552187828992,200.91800299036544,7.212647527259573,0.274366801687668,0.01768264,68.66618260515463,1.0723937,0.6892042,1.1762582,0.5277718421742044,1697.4311054546279,13.440133,0.020032195
3727833391597367424,209.69308079142908,12.951586359270129,0.7722731001961485,0.023121158,68.80878454163745,1.2732662,0.6418314,1.2106501,0.6507536834394615,1704.114175456104,10.901933,0.015416132
3731723090075245696,200.04819969340105,9.187725579160595,0.5577167596167709,0.022247566,70.81643285109054,1.1345222,0.6408558,1.2247174,0.6569048740353376,1693.0899919699361,11.674867,0.004337778
3737667393532367616,197.18468166756443,13.402293687319402,0.3124025279628002,0.02422253,75.69081408986534,1.7138907,0.52681446,1.181222,0.45938160273003326,1689.166344497284,13.1997175,0.009541736
6255453672871215616,232.82829156406103,-17.51551556082623,0.29297836465215604,0.019708479,30.87872607144671,1.4959495,0.60856056,1.1993726,0.49322968870278416,1707.6124107075696,13.487597,0.040931366
6257531784202384000,227.4627859037128,-18.198236722138173,0.29438807624973745,0.01742736,33.60780617769447,1.3715255,0.6004896,1.1982975,0.45273814236787624,1706.4238575477477,13.492874,0.011936251
1183706283996839680,225.3872935033853,14.701559336649462,0.328909284582799,0.015389868,57.30213904325092,1.1414148,0.6264887,1.1983354,0.6045211313460845,1710.549544990283,12.5169935,0.003683678
1185942999884896640,219.59070157774215,14.415183329929095,0.28819236877379956,0.018918512,62.05070129278371,1.5036141,0.6245136,1.1644703,0.5527147978884901,1708.9052357626108,13.057764,0.042477105
